id,domain,status,purchase_price,renewal_price,attractiveness,demand,length,registrar,created_at,expires_at,status_verified_at
9dc29e09-4d49-4ce0-9c6b-40ab7051c1ba,gunman.computer,available,23.99,38.99,medium,low,6,namesilo,,,01/10/2026 02:21
5237e5d6-40b6-4c90-95d0-b6084a4cc11f,autograph.computer,available,23.99,38.99,high,low,9,namesilo,,,21/09/2026 06:37
b84fc966-9ed2-426d-b3d3-400d6f4b84cf,belt.computer,available,17.8,31.25,high,low,4,spaceship,,,28/09/2026 13:21
da2f4170-9d5a-433f-889a-d77904c2fc2e,rodent.computer,available,18.02,31.41,medium,low,6,porkbun,,,29/09/2026 19:04
4b662ed3-362a-426a-b235-8dc7dbebb711,fingerprint.computer,available,22.5,,high,low,11,unstoppable,,,29/09/2026 08:29
c3c8d124-2346-4d38-9919-35cf957838d8,obnubilate.computer,available,22.48,48.98,low,low,10,namecheap,,,03/09/2026 23:55
3a31b9fa-459a-44e8-b5d9-54ede9e1c280,derivative.computer,available,22.48,48.98,high,low,10,namecheap,,,14/08/2026 03:01
8e51ec45-36a2-462e-ba9e-e45c03682c79,igm.computer,available,22.5,,high,low,3,unstoppable,,,01/10/2026 02:41
72fe1e4b-575a-43f5-8256-76cf8040d56e,technique.computer,available,17.8,31.25,high,low,9,spaceship,,,28/09/2026 08:09
d0b95a87-4f48-476d-a797-e9c867114cdc,abaxial.computer,available,22.48,48.98,medium,low,7,namecheap,,,
2e696a0e-7ff8-468c-b6c3-531b467eb8f9,kicked.computer,available,22.48,48.98,medium,low,6,namecheap,,,25/09/2026 19:40
b71deb10-10cb-4f18-be4b-f434ba018c6d,contestant.computer,available,22.48,48.98,medium,low,10,namecheap,,,14/08/2026 12:45
c4c3f437-afb4-48f5-b4f1-a0f50b0f4e93,arming.computer,available,23.99,38.99,medium,low,6,namesilo,,,20/09/2026 07:11
dc77645c-b1f9-4f98-87c1-c6ccb7ecbbe0,soulful.computer,available,22.48,48.98,high,low,7,namecheap,,,10/09/2026 14:42
64ac72a0-c1a3-49cf-9eeb-66f7df35cab7,twit.computer,available,22.48,48.98,medium,low,4,namecheap,,,11/09/2026 09:11
beb72bef-6ff8-446d-a05a-91c400d4c162,complement.computer,available,23.99,38.99,high,low,10,namesilo,,,29/09/2026 10:29
9c721fba-11d9-4d32-80c6-9339c1bbb9cb,temperance.computer,available,17.8,31.25,high,low,10,spaceship,,,30/09/2026 18:54
cd2e8215-7be9-4f35-a71a-e4fb2fb042eb,dickinson.computer,available,23.99,38.99,high,low,9,namesilo,,,25/09/2026 04:53
44a058ea-b0c2-4746-9c42-18c83899e392,avowal.computer,available,33.99,50.99,medium,low,6,name.com,,,17/09/2026 14:26
3b06e294-706f-4aef-b893-b4815bf0a03f,prater.computer,available,23.99,38.99,medium,low,6,namesilo,,,21/09/2026 12:26
d01d0991-5e3a-411c-9628-5df6aaadc9db,churlish.computer,available,22.48,48.98,medium,low,8,namecheap,,,12/08/2026 07:49
bbe53584-9dde-423d-b6ff-3de2aa6017fc,concorde.computer,available,30.2,30.2,high,low,8,cloudflare,,,30/09/2026 06:42
a29c2ed9-da04-4eba-aa67-4f00f8e740c6,dsl.computer,premium,18.3,36.55,high,low,3,porkbun,,,01/10/2026 01:45
1c64ae06-62ca-49a3-a877-20dbda5cf3ab,wisdoms.computer,available,23.99,38.99,medium,low,7,namesilo,,,21/09/2026 10:19
db6cf0e1-a473-4b1a-a610-6d9952fd9edd,depictive.computer,available,22.48,48.98,medium,low,9,namecheap,,,14/08/2026 00:41
6409ec31-b727-4002-ace8-669df7279574,macros.computer,available,18.41,32.21,medium,low,6,dynadot,,,02/10/2026 03:27
b4904f8e-43a2-4a65-9ec1-a17b8ed0c6bd,turpin.computer,available,30.2,30.2,medium,low,6,cloudflare,,,01/10/2026 01:44
703e706b-d229-49af-9be2-9412aea314a7,prodromal.computer,available,22.48,48.98,medium,low,9,namecheap,,,09/09/2026 02:44
0af88ad1-8a8b-47a0-82e1-960acefbaee8,shush.computer,available,18.02,31.41,medium,low,5,porkbun,,,30/09/2026 21:25
359e7424-45ec-4af0-9447-c32cbbd83104,tres.computer,available,18.41,32.21,high,low,4,dynadot,,,01/10/2026 22:18
f845f4f3-ee52-4baf-9ec1-7ea3b5858cb4,gorgeous.computer,available,23.99,38.99,high,low,8,namesilo,,,24/09/2026 22:48
62286b0e-3852-44fe-baf4-8d73cbd8cf6d,bohemian.computer,available,22.48,48.98,high,low,8,namecheap,,,10/08/2026 17:19
6a7f1c2a-3a25-4d51-9f0f-c2d06a875df5,components.computer,premium,,,high,low,10,,,,29/09/2026 16:20
a8c9aae8-adce-493a-b902-07876087954d,guerra.computer,available,17.8,31.25,medium,low,6,spaceship,,,28/09/2026 12:18
5b7e29eb-4803-4ba3-bec5-ffbcce130a44,vaughn.computer,available,23.99,38.99,high,low,6,namesilo,,,27/09/2026 11:16
87b39887-4e33-460b-b9ed-b6751a178af0,czech.computer,available,33.99,50.99,high,low,5,name.com,,,13/08/2026 15:01
0bda6842-2d7f-4054-91e3-a7c719bcd866,pampering.computer,available,22.48,48.98,high,low,9,namecheap,,,05/09/2026 00:29
66ebec0b-0d2d-4e0c-8e94-09ec82068475,textured.computer,available,22.48,48.98,medium,low,8,namecheap,,,12/08/2026 14:07
a6f31101-21aa-4a17-b319-f620c23b2333,candidate.computer,available,23.99,38.99,high,low,9,namesilo,,,29/09/2026 06:14
1032347f-5e70-4b6b-8039-17b6df9fe507,bowl.computer,available,23.99,38.99,high,low,4,namesilo,,,24/09/2026 07:38
a3380fed-d4dd-4875-85ca-b1d6eec9e8df,bounce.computer,available,22.48,48.98,high,low,6,namecheap,,,23/09/2026 01:22
6eda54e7-83b2-41f9-9d3b-891187b27820,dense.computer,available,22.48,48.98,high,low,5,namecheap,,,08/09/2026 15:39
6999441f-4cca-4dae-a613-abc7ccc17ecf,fallout.computer,available,17.8,31.25,medium,low,7,spaceship,,,02/10/2026 01:22
9b7da981-814a-4f9a-a542-133c54c29425,gradual.computer,available,22.48,48.98,high,low,7,namecheap,,,20/08/2026 17:40
77e74351-30f3-4e09-85d2-d37eb10863ad,fishing.computer,available,23.99,38.99,high,low,7,namesilo,,,27/09/2026 03:59
e54f7d40-4ab6-4d24-a858-24b4d08363e4,basinet.computer,available,23.99,38.99,medium,low,7,namesilo,,,22/09/2026 10:57
a36cd127-c149-40d8-965a-3f0387a0bd73,peas.computer,available,23.99,38.99,medium,low,4,namesilo,,,18/09/2026 10:13
9885119f-f996-489c-82e6-a270dd988e91,accumulate.computer,available,22.48,48.98,high,low,10,namecheap,,,12/08/2026 16:47
a461c3b0-6aaa-467a-9d23-95e68f5becdf,mayflower.computer,available,17.8,31.25,high,low,9,spaceship,,,30/09/2026 17:12
7daf56db-5066-4b88-9d4b-b96665ee1700,uncover.computer,available,17.8,31.25,high,low,7,spaceship,,,30/09/2026 16:42
5be20047-b478-4ff8-b480-b80024414c98,phage.computer,available,23.99,38.99,medium,low,5,namesilo,,,21/09/2026 16:31
6dbd3dcb-f0dc-4ea1-8a29-223d36bd4eab,looking.computer,available,23.99,38.99,high,low,7,namesilo,,,25/09/2026 14:19
65eb3e10-a68e-494e-865c-875cf541d6c4,sheet.computer,available,17.8,31.25,high,low,5,spaceship,,,29/09/2026 01:47
e97f727b-5cf9-4e07-be88-f1f77e11f5c3,astragalus.computer,available,23.99,38.99,medium,low,10,namesilo,,,19/09/2026 09:45
f4f3ac0b-c4df-4d75-b3d6-68283754ee71,hooper.computer,available,23.99,38.99,medium,low,6,namesilo,,,29/09/2026 02:55
4af47e04-d0cc-430f-a77f-ac6b8ccaba6d,saporous.computer,available,22.48,48.98,medium,low,8,namecheap,,,18/08/2026 07:16
49612f13-2339-46e2-9beb-aede296a55b2,jument.computer,available,,,medium,low,6,,,,22/09/2026 21:27
c0ee14e6-26d3-46f2-9587-eb8e3b9e2fe8,arugula.computer,available,23.99,38.99,medium,low,7,namesilo,,,20/09/2026 12:10
7105edd0-682c-4385-8cc7-465bfef75270,affirmed.computer,available,23.99,38.99,high,low,8,namesilo,,,17/09/2026 14:27
54d56a0e-6857-4e1f-9fb0-f55fbd64c758,sported.computer,available,23.99,38.99,medium,low,7,namesilo,,,20/09/2026 16:50
9330784b-2e70-4d96-8011-b15e7caf374a,octavo.computer,available,23.99,38.99,medium,low,6,namesilo,,,16/09/2026 12:43
f5f1cdf0-0c33-40be-83df-ef22d26d7e87,comprise.computer,available,22.5,,high,low,8,unstoppable,,,30/09/2026 17:37
b5f3ddea-6c1f-42a2-bbb9-4fe15ef58304,alauda.computer,available,23.99,38.99,high,low,6,namesilo,,,18/09/2026 02:15
0fa5ee21-b490-419c-a4d7-718978c4b161,combatant.computer,available,22.48,48.98,medium,low,9,namecheap,,,09/08/2026 13:29
c5d1bbd0-13fc-4dbe-904d-6c9587fde7d9,unbearable.computer,available,22.48,48.98,medium,low,10,namecheap,,,25/09/2026 10:28
3ef3d1f8-1ade-4041-a659-8b4b768da296,apace.computer,available,22.48,48.98,medium,low,5,namecheap,,,13/09/2026 20:22
ab2787fb-7bb9-4270-9be8-ffaff9d0d304,haig.computer,available,18.02,31.41,medium,low,4,porkbun,,,28/09/2026 12:12
d0e97541-36b2-4155-9d33-285e2dc96425,permutation.computer,available,29.99,,high,low,11,name.com,,,
1aa4325b-428f-4383-9dae-f3057cf18dc2,silky.computer,available,22.48,48.98,high,low,5,namecheap,,,09/09/2026 21:45
9c935c97-89c2-4346-a274-32e57c627012,profitably.computer,available,22.48,48.98,medium,low,10,namecheap,,,14/09/2026 20:29
83b31de4-1356-4225-818e-06028821bb42,indirectly.computer,available,22.48,48.98,medium,low,10,namecheap,,,15/09/2026 07:58
885e189f-64fc-402e-9c2d-04eb860a232f,coyle.computer,available,18.41,32.21,medium,low,5,dynadot,,,30/09/2026 05:31
d787145d-28cf-4e39-ad4e-f7362e65eb8f,hahaha.computer,available,22.5,,high,low,6,unstoppable,,,01/10/2026 22:02
2058b056-333a-40e0-a604-2072b05b39cf,relocation.computer,available,17.8,31.25,high,low,10,spaceship,,,29/09/2026 13:46
4b6b9774-305b-4758-98db-7b8ab98e7c20,sterilizer.computer,available,23.99,38.99,medium,low,10,namesilo,,,21/09/2026 06:04
20f1d922-54cf-4f1a-9926-46f98a382d35,charleston.computer,available,22.48,48.98,high,low,10,namecheap,,,29/09/2026 07:20
e8edc05e-a553-41dd-9c1d-e92847aa5f4d,usual.computer,available,22.5,,high,low,5,unstoppable,,,28/09/2026 10:03
6b8c3e6d-a993-4988-91a6-f0cf9a6555f2,backed.computer,available,22.48,48.98,high,low,6,namecheap,,,08/08/2026 05:33
2ef4d721-2f3f-4ffb-b75b-7a831c291c07,nutritional.computer,available,23.99,38.99,high,low,11,namesilo,,,30/09/2026 11:42
d784e7d8-c0f6-438d-88c0-445fcc6bc2e8,augustus.computer,available,22.48,48.98,high,low,8,namecheap,,,21/09/2026 04:02
482c0470-78e2-464d-b4b8-78a367d53ac7,medium.computer,available,17.8,31.25,high,low,6,spaceship,,,30/09/2026 05:58
24b75d93-25f6-4815-ac3f-3938f900adc9,husbandry.computer,available,22.48,48.98,high,low,9,namecheap,,,17/08/2026 22:35
c3f4d2ef-b119-4eaa-90ad-01426d82e53c,greasy.computer,available,22.48,48.98,high,low,6,namecheap,,,20/08/2026 19:35
ecd1c3af-7abb-4a0d-a0c8-f90b50b023ad,snowballs.computer,available,23.99,38.99,medium,low,9,namesilo,,,19/09/2026 21:49
4b0a4208-9a06-4952-b113-e03d1fe4a059,entrance.computer,available,22.48,48.98,high,low,8,namecheap,,,22/08/2026 01:46
52899331-d61e-4af0-a92a-c52f60adb0a5,subsequent.computer,available,22.48,48.98,high,low,10,namecheap,,,11/09/2026 00:44
b0929bd3-6829-4f0b-8bfb-25645e3ce14a,pee.computer,available,22.48,48.98,medium,low,3,namecheap,,,13/09/2026 09:51
89e07594-07cc-4b94-93b7-81bdd595214c,westward.computer,available,22.48,48.98,medium,low,8,namecheap,,,13/09/2026 10:55
9bf7d3f7-6dc0-4c9f-908e-62a5cc120ed1,lured.computer,available,17.8,31.25,medium,low,5,spaceship,,,01/10/2026 18:14
3367322f-c875-47af-b82c-9f24bcd1e597,wharton.computer,available,22.48,48.98,high,low,7,namecheap,,,25/09/2026 22:32
76725e7f-9d2b-47fa-9193-70833d9b4904,univalent.computer,available,22.48,48.98,medium,low,9,namecheap,,,12/09/2026 14:00
fcd8c028-800f-4ee8-932d-c4319b7eef1b,accomplish.computer,available,22.5,,high,low,10,unstoppable,,,28/09/2026 06:55
0627eebc-4539-4117-bd15-1c3bc93428bd,hesitate.computer,available,30.2,30.2,medium,low,8,cloudflare,,,28/09/2026 20:09
cf99b00d-4d73-411e-bd29-418f07deec70,stepaside.computer,available,23.99,38.99,medium,low,10,namesilo,,,16/09/2026 15:09
6541ddf5-5fe8-418d-b342-d5655f789805,predicting.computer,available,23.99,38.99,high,low,10,namesilo,,,01/10/2026 23:05
3b493c79-0a1e-4be2-a0cb-85d6f5479f84,agreements.computer,available,23.99,38.99,medium,low,10,namesilo,,,17/09/2026 03:09
34322d9f-2808-4ea3-b061-c47f2a50d58f,paranormal.computer,available,22.48,48.98,high,low,10,namecheap,,,17/08/2026 19:25
6b8c64ba-8794-48f8-997f-1437a6c7ff85,barge.computer,available,23.99,38.99,medium,low,5,namesilo,,,22/09/2026 05:37
50b08bd5-8eab-4c2b-b70c-1c744e580129,macgregor.computer,available,30.2,30.2,medium,low,9,cloudflare,,,28/09/2026 19:47
b71dc867-9ec1-4326-a3f7-a383fa09a6f6,vestibular.computer,available,22.48,48.98,medium,low,10,namecheap,,,13/09/2026 04:52
d5986b87-1ac8-4e02-9a28-4a7a1acbbe2e,hypotonic.computer,available,22.48,48.98,medium,low,9,namecheap,,,21/08/2026 17:19
7b112dd4-7d21-42c6-ab03-242539685ab1,elmo.computer,available,18.41,32.21,high,low,4,dynadot,,,30/09/2026 05:11
6cea8d06-acfd-4387-a36c-e2b83fbff0be,lxx.computer,available,22.48,48.98,medium,low,3,namecheap,,,
9e474e4f-396d-4c63-bbf9-76fa31a0fe15,reptile.computer,available,22.48,48.98,high,low,7,namecheap,,,09/09/2026 14:41
027bc35b-1a02-401d-881f-8a9570d2303d,widgeon.computer,available,22.48,48.98,medium,low,7,namecheap,,,19/09/2026 02:58
47272600-bd31-495c-9526-703442dee467,epistolary.computer,available,22.48,48.98,medium,low,10,namecheap,,,17/08/2026 11:14
ecde5548-b7e4-4c52-a2f5-3b9807ccf86e,spotlessly.computer,available,23.99,38.99,medium,low,10,namesilo,,,16/09/2026 06:37
55268665-2cc2-475c-86ab-f463a651aa5f,pharos.computer,available,22.48,48.98,high,low,6,namecheap,,,22/09/2026 19:15
04b866f9-b428-4556-ac69-a62895ad26c7,pepin.computer,available,18.41,32.21,high,low,5,dynadot,,,01/10/2026 03:18
ecf00a55-3ee0-4090-8d00-d44baf8816e6,fledgeling.computer,available,22.48,48.98,medium,low,10,namecheap,,,18/08/2026 07:32
2e5ef7a3-5cf1-42b3-9a37-d91b48c8eb9f,saucepan.computer,available,23.99,38.99,high,low,8,namesilo,,,30/09/2026 10:36
fdc21a29-1d5c-4bc9-ba3e-59b4fe5238cf,basketful.computer,available,22.48,48.98,medium,low,9,namecheap,,,22/09/2026 11:27
87740227-d0b8-433e-9e5e-b1d3356a938d,hellish.computer,available,22.48,48.98,medium,low,7,namecheap,,,09/08/2026 04:59
66ecd5f2-efcd-439c-aecc-951d76880b57,resist.computer,available,23.99,38.99,high,low,6,namesilo,,,21/09/2026 22:09
a0f27af2-bb5d-4d31-abbe-6982bc37e81d,liege.computer,available,22.48,48.98,medium,low,5,namecheap,,,18/08/2026 03:03
a4adcb22-4613-45ea-8559-0ef48df83822,jiangsu.computer,premium,72.6,72.6,medium,low,7,dynadot,,,29/09/2026 09:39
367864d7-9cbe-489b-a329-46fde1c98659,nacl.computer,available,17.8,31.25,medium,low,4,spaceship,,,30/09/2026 22:52
53231098-625e-4b4c-b189-6cd528bc763d,stoolie.computer,available,22.48,48.98,medium,low,7,namecheap,,,11/08/2026 16:46
5abc47db-7a08-4aae-afb7-e7ad49d8b68b,fungicide.computer,available,22.48,48.98,medium,low,9,namecheap,,,
3c47d268-3b6c-40cc-b3ae-6cb901081f03,assorted.computer,available,22.48,48.98,medium,low,8,namecheap,,,07/08/2026 07:25
37143d4f-5544-44ea-8706-1cd77775d535,enlightenment.computer,available,29.99,,high,low,13,name.com,,,
662d3a0a-16a6-440a-aa17-45e67d5826e3,millie.computer,available,30.2,30.2,high,low,6,cloudflare,,,29/09/2026 09:08
f820adea-ce39-4e32-8f29-8230543856dc,lgbt.computer,available,22.48,48.98,high,low,4,namecheap,,,28/09/2026 17:00
4e4c1e96-6e19-4f82-9b97-a0df29e30713,natality.computer,available,22.48,48.98,medium,low,8,namecheap,,,23/09/2026 21:04
7d20a039-a27d-42a4-b39b-8b7246cd7d49,neglected.computer,available,22.48,48.98,medium,low,9,namecheap,,,21/08/2026 18:36
1683daaa-1adc-4c1d-8426-80ff8404a8f6,wildcat.computer,available,22.48,48.98,high,low,7,namecheap,,,11/08/2026 07:09
2e619c62-70dc-404c-8ddc-edb0ee947947,beldame.computer,available,23.99,38.99,medium,low,7,namesilo,,,23/09/2026 04:46
3f3028ad-7b38-45e3-afff-c89b845c51b7,looted.computer,available,22.48,48.98,medium,low,6,namecheap,,,24/08/2026 09:45
735c436e-ed76-4594-87ba-43d4292759ad,uncrossed.computer,available,22.48,48.98,medium,low,9,namecheap,,,12/09/2026 06:33
ca850486-cfd0-413f-90e8-3ef0c683017a,blear.computer,available,22.48,48.98,medium,low,5,namecheap,,,10/08/2026 14:01
7662fdee-3e1d-45f7-9ec3-9ae6e30e50b8,goddamned.computer,available,22.48,48.98,medium,low,9,namecheap,,,10/08/2026 12:48
0968ef7d-af70-4693-b1ee-c08df3e38c94,beers.computer,available,23.99,38.99,medium,low,5,namesilo,,,27/09/2026 10:55
df6c2cb2-d002-4f91-8a5f-68175d58fb6e,utica.computer,available,18.41,32.21,medium,low,5,dynadot,,,27/09/2026 16:08
ed85ff02-0cc1-4d93-b067-da2bbb3d697a,deepen.computer,available,22.48,48.98,high,low,6,namecheap,,,12/08/2026 19:32
09257ab4-08af-4cae-b3b8-40e3fd284fa4,downy.computer,available,22.48,48.98,high,low,5,namecheap,,,14/08/2026 17:40
0fec5f56-70ba-40f1-9998-a89cf3ca40d6,alison.computer,available,17.8,31.25,medium,low,6,spaceship,,,28/09/2026 04:29
8d4c2977-2d00-4fc3-a4a0-bebcf54aaae1,homegrown.computer,available,22.48,48.98,high,low,9,namecheap,,,21/08/2026 10:59
97d10ee8-c73a-4606-a663-46428fba8088,ronald.computer,premium,33.5,,medium,low,6,unstoppable,,,28/09/2026 11:51
48f6bf80-cbf8-4b13-b1f1-5e40e9e33db8,pine.computer,available,23.99,38.99,high,low,4,namesilo,,,28/09/2026 02:55
7a00117a-879a-4c7d-befd-6545713a250f,aid.computer,premium,78.54,78.54,high,low,3,namesilo,,,28/09/2026 02:16
0368cc91-afda-423d-838f-14882cc16d0d,pieces.computer,available,22.48,48.98,high,low,6,namecheap,,,17/09/2026 19:58
9232c6b3-fa9a-4ab4-b05a-f65792be8a27,macedonian.computer,available,22.48,48.98,high,low,10,namecheap,,,24/08/2026 12:46
ebb4bd59-60b5-428b-a738-d49624d9eb4d,kerosene.computer,available,30.2,30.2,high,low,8,cloudflare,,,01/10/2026 18:59
7896af89-a851-45cc-8721-a393ecab671d,showers.computer,available,18.02,31.41,medium,low,7,porkbun,,,28/09/2026 23:39
63eaf1f6-1dd7-4ee1-9db8-39602a05f5fc,cleavage.computer,available,23.99,38.99,high,low,8,namesilo,,,24/09/2026 15:29
d35575e9-20da-46af-84d6-0f72735785b0,haverford.computer,available,17.8,31.25,medium,low,9,spaceship,,,01/10/2026 12:47
144240eb-2780-45df-aa31-0e31be8b55bc,visionary.computer,available,22.48,48.98,high,low,9,namecheap,,,13/09/2026 06:13
599107ab-0b9b-4edc-83de-592e03aa7199,ideational.computer,available,22.48,48.98,medium,low,10,namecheap,,,12/08/2026 19:59
9aa2c806-7ee2-4470-adda-afce83ad9ce1,bettor.computer,available,23.99,38.99,medium,low,6,namesilo,,,23/09/2026 11:49
5179795c-09a1-4d62-95e0-5c07557ac3ae,karim.computer,available,30.2,30.2,medium,low,5,cloudflare,,,29/09/2026 03:37
ac2c2ddc-2e1e-4841-bf32-717487fc7594,wellington.computer,available,23.99,38.99,high,low,10,namesilo,,,20/09/2026 11:08
387c21d9-8eed-45dd-9ed0-1ff170bf264f,digestion.computer,available,18.41,32.21,high,low,9,dynadot,,,30/09/2026 01:19
43d434fc-08c7-4e1e-9fce-ccdd94aa0d47,prolong.computer,available,17.8,31.25,high,low,7,spaceship,,,30/09/2026 19:12
ad9885f6-66c6-442e-b0b6-5081fdb3570c,stainless.computer,available,22.48,48.98,high,low,9,namecheap,,,10/09/2026 18:15
04b5cd2b-a888-4476-9257-a5caf5f6983c,coagulate.computer,available,22.48,48.98,medium,low,9,namecheap,,,12/08/2026 13:27
2f5c9fc6-2f42-4f69-97bd-68aef64f5a28,huggins.computer,available,22.5,,medium,low,7,unstoppable,,,30/09/2026 10:10
29d4d0bf-cc02-4d5a-b1b6-8c0b678bee50,xinjiang.computer,available,17.8,31.25,medium,low,8,spaceship,,,28/09/2026 20:28
c2ee2d3c-3774-4171-8c13-873097ff7f2a,credibility.computer,available,23.99,38.99,high,low,11,namesilo,,,28/09/2026 12:34
d08083ae-1973-4fd2-8d2d-671fd6fe7406,fermium.computer,available,23.99,38.99,medium,low,7,namesilo,,,20/09/2026 21:55
d4aba1d3-2842-44ec-86a4-18249552c592,richey.computer,available,23.99,38.99,medium,low,6,namesilo,,,02/10/2026 01:53
ca446dcf-2daf-4070-99b1-36ab7fff04b5,privately.computer,available,22.48,48.98,high,low,9,namecheap,,,15/09/2026 04:43
2a3df600-85c3-410c-a616-db4a430854e0,acarpous.computer,available,22.48,48.98,medium,low,8,namecheap,,,
1e5bcd52-3902-4873-b11c-41132efe1853,nestling.computer,available,22.48,48.98,high,low,8,namecheap,,,25/08/2026 00:18
99d9eb45-5a52-4bb1-83bd-262fbabb3897,verbally.computer,available,22.48,48.98,medium,low,8,namecheap,,,16/09/2026 10:50
2dc83bcc-922e-4bce-8bab-63283ff756b1,cells.computer,available,29.99,,high,low,5,name.com,,,
b4075428-e2d3-42e7-a87b-0095908361b1,fiedler.computer,available,23.99,38.99,high,low,7,namesilo,,,20/09/2026 10:50
2ac10a47-d970-498b-88c3-1fd732fc9e6a,assignments.computer,available,17.8,31.25,medium,low,11,spaceship,,,28/09/2026 18:20
0b9b4c6c-02fd-418e-8398-6429f83fbf0d,dug.computer,available,17.8,31.25,high,low,3,spaceship,,,28/09/2026 05:32
1bb58c06-e37e-44b3-bfdb-757dcbb11b9b,yogic.computer,available,22.48,48.98,medium,low,5,namecheap,,,13/09/2026 14:41
a0109e46-b738-4135-b1ad-112e592414a5,wolfbane.computer,available,23.99,38.99,medium,low,8,namesilo,,,17/09/2026 02:09
65c6de55-4c80-4fd6-a44b-e728fae658a9,finable.computer,available,22.48,48.98,medium,low,7,namecheap,,,18/08/2026 04:28
75824f53-3612-4336-8b0a-aefd0b0cd1a2,aconcagua.computer,available,23.99,38.99,medium,low,9,namesilo,,,17/09/2026 02:04
f52bf4d1-2bcf-43d1-b118-68250723aa17,foursquare.computer,available,22.48,48.98,high,low,10,namecheap,,,18/08/2026 13:48
c0009981-5fe8-498d-b856-e48f26c14576,libertad.computer,available,17.8,31.25,high,low,8,spaceship,,,01/10/2026 23:36
14b2081c-7518-42a5-ac29-5a8b5474290a,anxiously.computer,available,22.48,48.98,medium,low,9,namecheap,,,13/09/2026 20:05
c56deb29-f018-4cdd-ae6c-e3e851056d20,untidy.computer,available,22.48,48.98,medium,low,6,namecheap,,,12/09/2026 21:22
aaaa3b92-d7c4-4397-9cd2-8bd6a3c6cae0,hoof.computer,available,17.8,31.25,high,low,4,spaceship,,,01/10/2026 19:59
19438f67-d2f6-4e9f-aa41-abd8a1ae4b4a,leave.computer,available,22.48,48.98,high,low,5,namecheap,,,29/09/2026 18:36
c0535320-8b64-464a-a656-1994c2d1f110,barnyard.computer,available,23.99,38.99,high,low,8,namesilo,,,22/09/2026 06:58
22abad7a-c167-4280-91ee-4b44577082da,sumter.computer,available,18.02,31.41,medium,low,6,porkbun,,,28/09/2026 12:23
df4634f4-2c96-4599-af59-d92c4b9f3878,abulia.computer,available,22.48,48.98,medium,low,6,namecheap,,,16/09/2026 16:41
89b7ca57-1c50-423e-a428-812838834d7d,antarctic.computer,available,22.48,48.98,high,low,9,namecheap,,,
8c8ba0ed-2800-4c80-9752-eba550d299dc,estrella.computer,available,17.8,31.25,high,low,8,spaceship,,,01/10/2026 23:33
c62e243a-d217-4593-ae19-5bd17024e899,xxxviii.computer,available,22.48,48.98,medium,low,7,namecheap,,,
9044f312-5d0c-4798-8849-79ba30f067cc,composure.computer,available,22.48,48.98,high,low,9,namecheap,,,11/08/2026 14:55
72ef87c0-48cd-4dea-8fa2-330ffd9dbad7,frigid.computer,available,22.48,48.98,medium,low,6,namecheap,,,18/08/2026 15:46
16ac81d2-e3b5-41b9-8d92-a526bdbe9123,bacterium.computer,available,23.99,38.99,medium,low,9,namesilo,,,21/09/2026 16:30
f5cf7851-3530-4dd0-be66-7dd4da5866f5,wakes.computer,available,23.99,38.99,medium,low,5,namesilo,,,28/09/2026 13:11
0f08bb2e-37d3-46ef-88b1-8fb17f268ca2,macy.computer,available,30.2,30.2,medium,low,4,cloudflare,,,28/09/2026 22:01
12859817-73d7-4645-88f6-b2a2b27c39a8,planter.computer,available,30.2,30.2,high,low,7,cloudflare,,,30/09/2026 18:21
c8bd5b27-5b63-4e78-9c9c-d9d73ea24cb5,fretted.computer,available,22.48,48.98,medium,low,7,namecheap,,,18/08/2026 15:24
0960de91-38db-4c85-b853-913e589abe6a,wonderfully.computer,available,18.02,31.41,high,low,11,porkbun,,,01/10/2026 18:15
794f99f9-3e7c-4d41-a6aa-f353c952c8c3,damned.computer,available,23.99,38.99,medium,low,6,namesilo,,,22/09/2026 21:41
48a302dd-2dc4-4e64-91ac-0b8492703080,derived.computer,available,22.48,48.98,medium,low,7,namecheap,,,14/08/2026 03:07
8e74d705-ae38-4c1d-89ee-61ce546a55ca,melody.computer,available,22.48,48.98,high,low,6,namecheap,,,28/09/2026 02:24
0b054c1c-309f-4826-a6f6-12f3b864e7c7,creatively.computer,available,17.8,31.25,medium,low,10,spaceship,,,28/09/2026 14:25
1c57e302-605e-42f4-bebe-f5686379dfdf,selecting.computer,available,18.02,31.41,medium,low,9,porkbun,,,01/10/2026 16:17
a8e65ab2-af8e-4f1f-98a4-60eee484be3a,woodbury.computer,available,23.99,38.99,high,low,8,namesilo,,,02/10/2026 05:12
6f2e001a-8eb0-4872-bc59-38fe2a5dbe77,nightclub.computer,available,30.2,30.2,high,low,9,cloudflare,,,29/09/2026 00:18
148bd4f6-0219-4e57-9af3-1d9fcc62399d,adorer.computer,available,23.99,38.99,medium,low,6,namesilo,,,17/09/2026 09:45
d1d100fa-c325-4dba-8f08-d4849c2868d0,narrow.computer,available,22.48,48.98,high,low,6,namecheap,,,03/09/2026 13:22
d7263be3-4a09-4103-9e93-5c4c8ace0ba9,ailurus.computer,available,22.48,48.98,medium,low,7,namecheap,,,17/09/2026 21:19
27b39317-9057-4d10-a0cf-cfa6b7ea6d1f,vedic.computer,available,22.48,48.98,medium,low,5,namecheap,,,13/09/2026 01:37
12e9a3fd-55ba-44cb-80eb-ee762e976d4d,vixenish.computer,available,22.48,48.98,medium,low,8,namecheap,,,13/09/2026 06:24
82ccd207-d818-4111-a59c-05045c77aab6,unfunny.computer,available,22.48,48.98,medium,low,7,namecheap,,,12/09/2026 11:05
739324a5-11f0-4fe8-9d9b-133ca6f05c4c,pelvis.computer,available,18.02,31.41,medium,low,6,porkbun,,,29/09/2026 19:56
2c498dfb-6e25-4c94-ac31-ace0915b9ae5,promotions.computer,available,23.99,38.99,high,low,10,namesilo,,,28/09/2026 08:51
4eafbe99-355a-4b52-90be-60e658f74abf,capsular.computer,available,22.48,48.98,medium,low,8,namecheap,,,08/09/2026 04:10
23fd509b-49ae-4f5a-83a7-4502fd9be73a,personable.computer,available,22.48,48.98,high,low,10,namecheap,,,08/09/2026 17:59
ce5da05f-7583-4b14-932d-cab0e19c9ae6,alcaic.computer,available,22.48,48.98,medium,low,6,namecheap,,,18/09/2026 03:46
9affbb92-84b5-4376-934a-ab04dd6b512d,aliraq.computer,available,23.99,38.99,medium,low,7,namesilo,,,18/09/2026 00:54
38d62011-f569-4074-8f6a-1c6e541eab5c,stockton.computer,available,22.48,48.98,high,low,8,namecheap,,,25/09/2026 06:10
a29318e8-b2d1-4572-bcf8-93f901e402f6,charms.computer,available,22.48,48.98,medium,low,6,namecheap,,,29/09/2026 10:30
b0956c5b-26ce-4409-8807-945df6aaf36d,catoptric.computer,available,22.48,48.98,medium,low,9,namecheap,,,11/08/2026 22:12
bc7f20a5-a06a-4a73-80f7-6ea57e14595c,crook.computer,available,22.48,48.98,medium,low,5,namecheap,,,13/08/2026 06:27
72bed94a-22fc-4146-bff3-5a5e1640c225,convicted.computer,available,17.8,31.25,medium,low,9,spaceship,,,27/09/2026 23:23
d90cd775-77d0-4e9a-902e-0825824933ee,telephones.computer,available,18.02,31.41,medium,low,10,porkbun,,,01/10/2026 00:37
e49ec9b2-3336-451a-90ae-f7287d568580,benzol.computer,available,23.99,38.99,high,low,6,namesilo,,,23/09/2026 08:53
5ed61648-ed35-4ac4-8e6b-3c33d9eedb5a,rachel.computer,premium,78.54,78.54,high,low,6,namesilo,,,25/09/2026 10:13
4de0f3ec-f9f0-4eba-b9c7-28bd389741f5,stud.computer,available,23.99,38.99,high,low,4,namesilo,,,24/09/2026 23:35
4bb218da-9836-436b-be31-ad12516d8287,turmoil.computer,available,18.02,31.41,medium,low,7,porkbun,,,29/09/2026 19:12
2f8037d1-d8aa-467b-9e23-2a9508a7469f,barth.computer,available,22.48,48.98,medium,low,5,namecheap,,,22/09/2026 09:03
80d50dc7-2dba-411e-9a84-982b902abad2,anglophile.computer,available,23.99,38.99,medium,low,10,namesilo,,,19/09/2026 06:52
a2dae196-bbd2-44ac-b799-a939e55f4797,dickerson.computer,available,23.99,38.99,medium,low,9,namesilo,,,29/09/2026 09:51
7d40ea17-7b7a-43f7-a1fb-e18b13393f4e,degraded.computer,available,33.99,50.99,medium,low,8,name.com,,,13/08/2026 20:17
adfdd152-a851-48fa-9afe-e0f0c432eb4c,diva.computer,available,17.8,31.25,high,low,4,spaceship,,,29/09/2026 16:22
cb5836f7-12f8-4837-9936-6ff1d7c5e046,salle.computer,available,23.99,38.99,high,low,5,namesilo,,,01/10/2026 05:06
645df56e-3c95-440b-ab56-489e5264b4de,glendale.computer,available,18.02,31.41,high,low,8,porkbun,,,01/10/2026 10:33
a18d6125-78ee-42f3-add6-11e7817cd2ef,hama.computer,available,30.2,30.2,medium,low,4,cloudflare,,,02/10/2026 00:52
92940b4d-1ceb-4f6c-9658-f81cf6bfb7c9,whim.computer,available,22.48,48.98,high,low,4,namecheap,,,24/09/2026 12:39
fc2c3520-1aa1-4944-8834-aadca0ee874c,acerate.computer,available,22.48,48.98,medium,low,7,namecheap,,,
b88ce919-06a8-4205-8d01-a56ec9c5ec58,naturalist.computer,available,23.99,38.99,high,low,10,namesilo,,,01/10/2026 03:04
f8f793a3-2c3c-41a1-b953-26156412f179,retrieve.computer,available,23.99,38.99,high,low,8,namesilo,,,30/09/2026 09:11
2bde209b-f883-4684-a239-74d7de7344c6,kurdish.computer,available,22.48,48.98,high,low,7,namecheap,,,22/08/2026 17:04
137aea4f-cc45-4b03-8cb6-ac97f0c99e4e,futile.computer,available,22.48,48.98,medium,low,6,namecheap,,,22/09/2026 23:49
32a4a31d-c5bd-4182-a6b4-9c43182e6b82,adumbrate.computer,available,22.48,48.98,medium,low,9,namecheap,,,22/08/2026 08:33
c56bde95-a18b-4573-93d0-a390e5970de3,bextra.computer,available,23.99,38.99,medium,low,6,namesilo,,,23/09/2026 12:09
3b1ff65d-2de6-499a-9f31-17861d54bedf,slammer.computer,available,22.48,48.98,medium,low,7,namecheap,,,08/09/2026 22:49
0bf15181-6ca2-4fbe-8c72-227f48eac69f,swanson.computer,available,29.99,59.99,high,low,7,godaddy,,,28/09/2026 02:01
86ba7892-a14c-419d-90fa-71463c55374a,foto.computer,available,17.8,31.25,high,low,4,spaceship,,,01/10/2026 18:40
db396acc-9449-4deb-8fbf-881f7a0ea768,childs.computer,premium,,,medium,low,6,,,,28/09/2026 12:16
14d71703-e77e-496d-94d4-ea3c6fb83c12,sizes.computer,available,23.99,38.99,medium,low,5,namesilo,,,19/09/2026 02:18
3024a0d8-97e7-4ce2-ad86-5c68b813a66b,dominoes.computer,available,23.99,38.99,high,low,8,namesilo,,,24/09/2026 23:28
09b10925-e6d8-4dcd-ba78-d2af0e3e0330,hawke.computer,available,23.99,38.99,medium,low,5,namesilo,,,29/09/2026 15:41
054ddae2-4808-4908-898d-66a9d95bc9d7,tse.computer,premium,38.94,38.94,high,low,3,namesilo,,,29/09/2026 09:12
969442ad-2e0e-42b5-99a3-938d16a293ca,unsleeping.computer,available,22.48,48.98,medium,low,10,namecheap,,,12/09/2026 20:02
680272a9-357c-4cfa-a37e-faa0d57e74b2,suppliers.computer,available,18.41,32.21,medium,low,9,dynadot,,,01/10/2026 00:17
e0d04730-be5e-493b-a9d4-eadefbc5bff7,convolve.computer,available,22.48,48.98,medium,low,8,namecheap,,,13/08/2026 00:01
9d6c3024-e82a-4dc8-96d1-7f66518cf0cb,restful.computer,available,22.48,48.98,high,low,7,namecheap,,,09/09/2026 13:26
146c7abe-a265-4d20-af2e-331a3770167b,thrashing.computer,available,22.48,48.98,medium,low,9,namecheap,,,13/09/2026 07:54
eb05f45a-956d-4040-9880-b31f415f4518,semiotic.computer,available,22.48,48.98,medium,low,8,namecheap,,,10/09/2026 03:13
d1b21c0f-06ba-4e8e-9066-6bf1bfe55bd9,ampulla.computer,available,23.99,38.99,high,low,7,namesilo,,,18/09/2026 23:51
e5d4f83e-f286-42bf-bb6f-832b588428e7,amusing.computer,available,22.48,48.98,high,low,7,namecheap,,,
5c2f1507-664e-4e34-b1ef-5c71026bf0c2,baptistry.computer,available,23.99,38.99,medium,low,9,namesilo,,,22/09/2026 03:28
7271e5de-a858-41f5-94c5-2908bca0f6e1,joyce.computer,premium,72.6,72.6,high,low,5,dynadot,,,27/09/2026 14:23
94d27cee-4a35-4422-9a8e-4e5349b1d122,montage.computer,available,22.5,,high,low,7,unstoppable,,,02/10/2026 04:25
dd182e40-2ad3-4f1b-95ac-2d8c0506f0c6,dignified.computer,available,23.99,38.99,high,low,9,namesilo,,,24/09/2026 08:18
087f78b6-74ff-475d-91ba-6400edc6a2f2,nutrition.computer,available,23.99,38.99,high,low,9,namesilo,,,18/09/2026 07:53
cc7c1cdd-2ab6-42c3-aa58-c89f09aa0f31,nano.computer,resell,,,high,medium,4,,,,29/09/2026 23:17
f7f3c6ab-ed45-4ca4-9274-9f599f4b68d0,trenchant.computer,available,22.48,48.98,medium,low,9,namecheap,,,12/08/2026 10:33
39083f85-c096-44e9-b211-817bfeeee520,loads.computer,available,23.99,38.99,high,low,5,namesilo,,,28/09/2026 15:05
d275a799-83ed-444d-a2f5-d1655ed9c942,atavistic.computer,available,22.48,48.98,low,low,9,namecheap,,,07/08/2026 12:55
c189ae4c-7d6c-4a42-bc4c-906e73ddfee0,summertime.computer,available,23.99,38.99,high,low,11,namesilo,,,18/09/2026 00:39
50c869ba-2eb6-419a-9be7-41a251b52a44,stork.computer,available,22.5,,high,low,5,unstoppable,,,01/10/2026 21:53
9f2a738d-6f18-4d7b-af6a-5f419cc5bdd0,nestorian.computer,available,22.48,48.98,medium,low,9,namecheap,,,03/09/2026 15:50
15806bd3-bc1f-40d2-9ba9-c6f406299200,incarnation.computer,available,22.5,,medium,low,11,unstoppable,,,01/10/2026 10:17
3c90660a-951e-4b0b-be94-3a2ace325dcc,fainting.computer,available,22.5,,medium,low,8,unstoppable,,,01/10/2026 22:58
9c77e5f9-dd3a-4de8-8bd3-460711624898,julio.computer,available,23.99,38.99,high,low,5,namesilo,,,29/09/2026 03:04
4d20e5d1-bbd9-48a1-8de0-b4a05c4bcd26,aroma.computer,available,23.99,38.99,high,low,5,namesilo,,,20/09/2026 08:25
c5ce51bc-d1d7-4502-93b5-f5a91a4fa015,handing.computer,available,22.5,,medium,low,7,unstoppable,,,28/09/2026 11:31
9eaf0ff5-325a-4df8-8cb1-10c53d96f89d,demand.computer,available,23.99,38.99,high,low,6,namesilo,,,24/09/2026 15:48
478bf5d8-7dc4-4d76-a4d4-fb2b13a96dde,bitter.computer,available,22.48,48.98,high,low,6,namecheap,,,
df3a56ea-a177-454e-828f-3db1ea0876e9,backseat.computer,available,23.99,38.99,high,low,8,namesilo,,,21/09/2026 15:49
0b68fcc6-7073-4767-8f0b-ad95882e0a38,amaurosis.computer,available,22.48,48.98,medium,low,9,namecheap,,,18/09/2026 16:17
8ae052d9-2f94-4ce7-9e5f-c4e397c67a70,darkened.computer,available,33.99,50.99,medium,low,8,name.com,,,13/08/2026 18:08
2063dc88-ead5-4ba0-ab8a-46b3b2705483,keychains.computer,available,23.99,38.99,medium,low,9,namesilo,,,21/09/2026 02:44
574694a3-a68d-469f-aacf-26d3fa359d5d,articular.computer,available,22.48,48.98,medium,low,9,namecheap,,,06/08/2026 23:26
ea62996f-ba8f-409f-aa33-dcf38905ccfa,oscine.computer,available,22.48,48.98,medium,low,6,namecheap,,,04/09/2026 18:11
41d81335-1ad2-49ac-b9d9-120666b552c6,surveys.computer,available,23.99,38.99,medium,low,7,namesilo,,,17/09/2026 07:59
94055ad1-b52e-495a-b2f7-079a786145d1,calibre.computer,available,22.48,48.98,high,low,7,namecheap,,,24/09/2026 11:45
c8c8b765-6ca4-4f24-ad79-42711f5d3506,valuator.computer,available,23.99,38.99,medium,low,8,namesilo,,,19/09/2026 22:13
f6bb66d8-3d6f-4ae2-8dfd-24280f102eca,nuisance.computer,available,30.2,30.2,medium,low,8,cloudflare,,,29/09/2026 19:51
4f773faa-ae04-4493-a5d2-a4602be42876,martina.computer,available,17.8,31.25,high,low,7,spaceship,,,29/09/2026 15:21
fe3f057e-6f2d-4ba5-b910-149fcb7cded1,barbwire.computer,available,23.99,38.99,medium,low,8,namesilo,,,22/09/2026 04:47
c74b9890-396e-4ecd-84d9-a85e8de64aa3,worried.computer,available,23.99,38.99,high,low,7,namesilo,,,24/09/2026 11:23
3433ccaf-29d2-400b-adf1-b09c26f32c31,subcommittee.computer,available,17.8,31.25,medium,low,12,spaceship,,,30/09/2026 19:57
6b64a88e-ad4a-4528-991f-82831385f1a1,xxi.computer,available,23.99,38.99,high,low,3,namesilo,,,21/09/2026 12:32
b814ef25-a68d-4692-818e-ab4a1b6acbf2,reacting.computer,available,23.99,38.99,medium,low,8,namesilo,,,30/09/2026 15:00
734fcb6f-b47e-452e-9462-ac3137895204,slenderize.computer,available,22.48,48.98,medium,low,10,namecheap,,,10/09/2026 10:53
2a2fbb48-0646-4e96-8402-86291b5d9d8e,appropriate.computer,available,23.99,38.99,high,low,11,namesilo,,,25/09/2026 11:22
0d45ab8d-22b8-4a19-9913-609086b8ed90,hyperbolic.computer,available,22.48,48.98,high,low,10,namecheap,,,21/08/2026 16:44
c0897b86-37c2-4eb5-b7a9-ec096d20c261,renovation.computer,available,22.5,31.25,high,low,10,unstoppable,,,30/09/2026 16:00
f165fb9b-66e5-4845-93d5-4f4ea6a64442,collegium.computer,available,30.2,30.2,high,low,9,cloudflare,,,01/10/2026 14:27
7a0ead90-6eb0-4d35-96a9-4a5642cd0d64,linchpin.computer,available,23.99,38.99,high,low,8,namesilo,,,21/09/2026 15:17
df1b1b5b-3b3f-4820-94bc-b62603c7785d,carlsbad.computer,available,17.8,31.25,medium,low,8,spaceship,,,29/09/2026 18:13
323f4cf1-0da6-4aa5-9bd2-b08441298b63,entrant.computer,available,22.48,48.98,medium,low,7,namecheap,,,18/08/2026 07:36
a978fc52-25f4-4b97-9d83-a7acdb1e1463,allis.computer,available,23.99,38.99,medium,low,5,namesilo,,,18/09/2026 11:06
7145fe47-125d-418c-a1da-972a2a94485c,surfer.computer,available,23.99,38.99,high,low,6,namesilo,,,30/09/2026 12:34
58a6c2a0-4322-438c-a180-301b551d4c86,handsomely.computer,available,22.48,48.98,high,low,10,namecheap,,,14/09/2026 22:57
feb4fdf0-cd93-4a1b-a66f-0454bca60465,crushing.computer,available,22.48,48.98,high,low,8,namecheap,,,13/08/2026 09:13
d39971a4-11bd-4b93-be57-3ed51f1826c7,xmas.computer,available,30.2,30.2,high,low,4,cloudflare,,,29/09/2026 09:09
d47866de-0408-4bc2-bf83-a07d9f9f9e10,cries.computer,available,22.48,48.98,low,low,5,namecheap,,,28/09/2026 08:31
7277f4bc-1714-42f6-838c-30ef8e1960bc,auxesis.computer,available,22.48,48.98,medium,low,7,namecheap,,,21/09/2026 08:33
c263e7c6-8ecc-43f3-a10b-46e897007ddf,swim.computer,available,22.5,,high,low,4,unstoppable,,,28/09/2026 02:10
d33ee72b-fecf-4a67-8551-5df5bb273a6b,removal.computer,available,30.2,30.2,high,low,7,cloudflare,,,30/09/2026 09:46
6509353e-ee36-4044-b779-7c62f85a44ec,acosta.computer,available,23.99,38.99,high,low,6,namesilo,,,29/09/2026 22:34
14c3e2d7-ef32-478a-9658-8e106d32e41e,barton.computer,available,23.99,38.99,high,low,6,namesilo,,,28/09/2026 11:33
37dd5f5e-5819-479a-aac8-3030536bee7d,dickie.computer,available,22.48,48.98,medium,low,6,namecheap,,,14/08/2026 06:30
f988d3e2-404c-4763-aba6-48293cca217a,forcing.computer,available,17.8,31.25,medium,low,7,spaceship,,,28/09/2026 12:56
b6901104-9f66-4347-8898-30810d5c94ec,unstoppable.computer,available,18.41,32.21,high,low,11,dynadot,,,01/10/2026 22:05
e010749c-33cd-48f4-beec-5ee423d7d2b8,transmission.computer,available,22.48,48.98,high,low,12,namecheap,,,27/09/2026 08:37
b067ee1a-c93b-4fa7-b5c7-72fdc52f2a73,bionic.computer,resell,,,high,low,6,"NameCheap, Inc.",30/07/2025 17:06,30/07/2027 17:06,26/09/2026 04:26
290806dc-97ef-436f-823f-92c2b5c47ea1,palpebrate.computer,available,22.48,48.98,medium,low,10,namecheap,,,05/09/2026 00:15
6bbea62a-494f-4746-b35e-ecec2c4483b4,squared.computer,available,22.48,48.98,high,low,7,namecheap,,,10/09/2026 17:27
5ecb2c5d-223a-4f4d-bcc7-52681abc5769,backgrounds.computer,available,23.99,38.99,medium,low,11,namesilo,,,20/09/2026 22:12
afe82da6-9265-4789-9401-cd576f8c3706,penial.computer,available,22.48,48.98,medium,low,6,namecheap,,,08/09/2026 14:23
d76ec144-123b-4e98-918d-e6f4ee53bcae,offended.computer,available,22.48,48.98,medium,low,8,namecheap,,,04/09/2026 01:24
62455032-38cc-4190-b01c-934c940d65f6,wilshire.computer,available,22.5,,medium,low,8,unstoppable,,,29/09/2026 22:35
a33cc2b3-69b9-4ac8-ad3d-03662d995992,academia.computer,available,18.41,32.21,high,low,8,dynadot,,,28/09/2026 08:49
5c286768-4d3c-4b62-92d4-3ace1a5d1393,retail.computer,available,17.8,31.25,high,low,6,spaceship,,,01/10/2026 15:26
89a0b689-365d-410e-a340-c10b2df1d68c,eviction.computer,available,23.99,38.99,high,low,8,namesilo,,,24/09/2026 17:35
f9caba4c-0911-4da7-9bb2-cec772a96633,aldehyde.computer,available,23.99,38.99,high,low,8,namesilo,,,18/09/2026 04:24
54193a6b-2b58-4848-b91d-27526a7b9747,vocation.computer,available,17.8,31.25,high,low,8,spaceship,,,30/09/2026 16:34
7f2f260e-b228-4411-852a-31a92ef6ff99,barney.computer,available,17.8,31.25,high,low,6,spaceship,,,29/09/2026 21:21
4613e0a5-853a-4a4e-bf89-62256a13470b,influential.computer,available,22.48,48.98,high,low,11,namecheap,,,08/09/2026 05:20
f1fdb400-54d1-4ea8-a4ec-c9cfbb016e02,ataxic.computer,available,22.48,48.98,medium,low,6,namecheap,,,07/08/2026 12:32
edcea564-7f11-403d-84ec-d4b1f4906f98,saucy.computer,available,22.48,48.98,high,low,5,namecheap,,,21/08/2026 22:17
6e8d0cea-6c3b-4d4f-a7f3-4ee1f39701d2,tangibly.computer,available,23.99,38.99,medium,low,8,namesilo,,,16/09/2026 07:54
c05b5867-9be5-413a-b469-f0d8dfc47416,quaker.computer,available,17.8,31.25,high,low,6,spaceship,,,29/09/2026 20:05
1c6dc238-3d2c-466c-996f-eb3b78f0f3f2,vividly.computer,available,23.99,38.99,high,low,7,namesilo,,,16/09/2026 11:06
45bde602-01a6-484a-8332-243ebf2001e8,armet.computer,available,23.99,38.99,medium,low,5,namesilo,,,20/09/2026 06:49
199fbd0b-29eb-4a4b-a5ed-e23ce8c6a783,front.computer,available,23.99,38.99,high,low,5,namesilo,,,24/09/2026 21:48
7a5dfa9f-debb-43b6-91cb-3a52b72c27b5,marian.computer,available,22.48,48.98,high,low,6,namecheap,,,24/08/2026 15:53
1da58aa6-b987-446e-a5c7-53011f42c9c8,aides.computer,available,22.48,48.98,high,low,5,namecheap,,,17/09/2026 20:51
1c66008b-e257-429c-8a22-6e8dda7b35e9,abruzzi.computer,available,22.48,48.98,medium,low,7,namecheap,,,16/09/2026 17:28
aa7eb596-d221-4a55-a891-64d1c238dfc4,occasionally.computer,available,17.8,31.25,medium,low,12,spaceship,,,27/09/2026 17:20
31693480-bc68-4771-aefb-6a11b5169aa5,stub.computer,available,22.48,48.98,high,low,4,namecheap,,,24/09/2026 13:57
3b945a55-1596-42ad-b933-310162bf8fe3,alf.computer,available,22.5,,high,low,3,unstoppable,,,01/10/2026 22:35
028493eb-a241-4032-bb56-f1713a75ae54,same.computer,available,22.48,48.98,high,low,4,namecheap,,,27/09/2026 17:53
e3c0f29c-6722-48e8-8db0-015e5b6b6b55,delays.computer,available,17.8,31.25,low,low,6,spaceship,,,29/09/2026 17:36
dcd086fa-5157-41b8-aecb-890e3c4e78f0,anselm.computer,available,23.99,38.99,medium,low,6,namesilo,,,19/09/2026 12:02
5ef8f229-7a67-40a0-b0cb-48aa128f7d02,types.computer,available,23.99,38.99,medium,low,5,namesilo,,,18/09/2026 16:19
ea67fee9-8c43-4606-bb7f-8340fb740eea,nautilus.computer,available,23.99,38.99,high,low,8,namesilo,,,20/09/2026 04:33
a76d12bb-6fd0-467a-933e-bf6d0f755c46,angara.computer,available,23.99,38.99,medium,low,6,namesilo,,,19/09/2026 05:44
93789d4b-6fee-4c94-9b1d-d21ac142adc3,claimed.computer,available,30.2,30.2,medium,low,7,cloudflare,,,27/09/2026 23:56
a3371acc-8b72-459f-9d2a-f88ae118db20,chaldean.computer,available,22.48,48.98,medium,low,8,namecheap,,,12/08/2026 01:26
2508c086-aad1-46f8-8dc7-2400581ae4e8,genesee.computer,available,23.99,38.99,medium,low,7,namesilo,,,28/09/2026 08:10
54eb6b29-bfec-4a29-b6f7-49342c4dc138,neatly.computer,available,22.48,48.98,high,low,6,namecheap,,,15/09/2026 16:16
b84f44c1-8e8a-446b-a72b-0c8dd3166a4e,assayer.computer,available,23.99,38.99,medium,low,7,namesilo,,,20/09/2026 15:59
d6719bbe-01f1-4156-bcfd-90bea28c915f,rats.computer,available,18.41,32.21,high,low,4,dynadot,,,01/10/2026 05:56
0a151f5c-2828-4da5-8a09-6d4e053298ed,artists.computer,available,23.99,38.99,high,low,7,namesilo,,,28/09/2026 00:02
ba4fe535-a6ff-4185-9812-3617dedbc258,experienced.computer,available,23.99,38.99,high,low,11,namesilo,,,01/10/2026 06:08
c3dc55ab-c984-4e99-a50c-9810f573d036,cloning.computer,available,33.99,50.99,high,low,7,name.com,,,24/09/2026 15:52
83fefb8a-7b46-45d4-9542-388493742377,refunds.computer,available,23.99,38.99,medium,low,7,namesilo,,,20/09/2026 14:13
c669559d-1b9c-47c3-bfb1-ce9899c3cc03,thoroughbred.computer,available,18.41,32.21,high,low,12,dynadot,,,01/10/2026 05:36
3a835c05-4e11-44af-ac04-5592d94c9b04,vendible.computer,available,22.48,48.98,medium,low,8,namecheap,,,24/08/2026 20:32
e3e1c9cf-064a-4276-9650-fa29fdc1a67a,meddle.computer,available,17.8,31.25,medium,low,6,spaceship,,,30/09/2026 20:30
3bf21263-935c-4030-8d46-b6b38f342f03,hanukkah.computer,available,22.5,,high,low,8,unstoppable,,,29/09/2026 08:04
5a69785b-b7bf-481d-9f9a-fd2687c2d6c6,cans.computer,available,23.99,38.99,high,low,4,namesilo,,,18/09/2026 22:47
700bd209-563d-421c-8d31-b52dc844e522,really.computer,available,23.99,38.99,high,low,6,namesilo,,,27/09/2026 09:55
0e74b635-cce0-49a3-8e48-f068b32f2a00,thirty.computer,available,22.48,48.98,high,low,6,namecheap,,,
05d09bcf-90de-49cc-b8a9-fc31bba3660a,unexcited.computer,available,22.48,48.98,medium,low,9,namecheap,,,12/09/2026 09:30
7bbd1002-831c-45ef-aed4-ef6fc7f2ad07,mixable.computer,available,22.48,48.98,medium,low,7,namecheap,,,25/08/2026 01:25
21aac47b-034e-4b21-94dc-57262d4a64b6,derogative.computer,available,22.48,48.98,medium,low,10,namecheap,,,14/08/2026 03:10
361e815a-af74-43ae-a33f-effb906fe6ba,basiliscus.computer,available,23.99,38.99,medium,low,10,namesilo,,,22/09/2026 10:53
fe8dc3bc-230d-49b5-b16b-26f9fdd39aa3,commix.computer,available,22.48,48.98,medium,low,6,namecheap,,,
f38eb7af-de44-44ef-a745-9bbed93d8aeb,cycles.computer,available,23.99,38.99,medium,low,6,namesilo,,,20/09/2026 09:25
cf978c7a-739b-4974-890d-72a639267512,tapestry.computer,available,23.99,38.99,high,low,8,namesilo,,,20/09/2026 08:48
c3863603-6f39-4bda-a916-a66503758d9d,intermodal.computer,available,17.8,31.25,high,low,10,spaceship,,,29/09/2026 16:19
8195a3c8-7b86-4088-8a8f-dbe8d1679ace,potter.computer,available,23.99,38.99,high,low,6,namesilo,,,27/09/2026 12:23
032e630e-e22e-4c95-81d9-62f3575ffd47,upmost.computer,available,22.48,48.98,medium,low,6,namecheap,,,11/09/2026 17:50
70f98f52-0fd7-497c-ae17-0f5569293b8c,trivially.computer,available,23.99,38.99,low,low,9,namesilo,,,16/09/2026 09:31
c8caca15-c338-4ea5-9a79-d3ce3fa96859,fleetly.computer,available,22.48,48.98,medium,low,7,namecheap,,,14/09/2026 18:56
54536906-3f07-4f39-957f-c6604f072139,brescia.computer,available,23.99,38.99,medium,low,7,namesilo,,,29/09/2026 06:10
d0bdf05a-7bc3-41b0-ad04-d4c308d505ab,athletic.computer,available,23.99,38.99,high,low,8,namesilo,,,21/09/2026 16:12
8b100e9c-d7e3-4398-9211-ee50a69d3a96,espouse.computer,available,22.48,48.98,high,low,7,namecheap,,,13/09/2026 09:39
495d50e9-7668-4f63-a951-1b1c55bb3be2,privileges.computer,available,18.02,31.41,low,low,10,porkbun,,,28/09/2026 17:31
182c8e18-cd24-418d-9963-094cdd7777c1,abasic.computer,available,22.48,48.98,medium,low,6,namecheap,,,
4dd89c3c-8b6f-4762-99ad-c0c3d9699a04,townshend.computer,available,17.8,31.25,medium,low,9,spaceship,,,29/09/2026 04:20
89ca2d64-a051-4ea8-8e8a-88e6594f04fe,apolune.computer,available,22.48,48.98,medium,low,7,namecheap,,,19/09/2026 18:55
93105dcd-e124-4358-957b-bd6b042a67cc,biggest.computer,available,23.99,38.99,medium,low,7,namesilo,,,27/09/2026 02:42
b0180016-d40e-4932-9e88-f462a916c7b6,vendors.computer,available,23.99,38.99,medium,low,7,namesilo,,,20/09/2026 22:00
fcde9952-f245-496c-84a7-104d08d7cd20,untaught.computer,available,22.48,48.98,medium,low,8,namecheap,,,12/09/2026 18:56
8940dfd9-0104-4c27-9672-ddb2da76ce97,elgar.computer,available,23.99,38.99,medium,low,5,namesilo,,,30/09/2026 17:08
7f752349-531e-4bae-bc92-5b7f7902130b,venomed.computer,available,22.48,48.98,medium,low,7,namecheap,,,13/09/2026 02:06
7913d8eb-84ab-4fcb-bcf3-53356ddd7147,timestamps.computer,available,23.99,38.99,medium,low,10,namesilo,,,20/09/2026 14:31
dbecf7fa-21a5-42ee-b4b3-e2045fbca3d8,extortion.computer,available,18.41,32.21,medium,low,9,dynadot,,,29/09/2026 12:13
273ec3ea-a5f1-45b9-90b2-c93d9a1a153b,furs.computer,available,23.99,38.99,medium,low,4,namesilo,,,30/09/2026 23:22
014868c7-9e4a-4cec-8d2e-87f7f5aeda04,godzilla.computer,available,,,high,medium,8,,,,
ec915cc8-5c4a-4c1b-841b-06ad796c6300,misgiving.computer,available,22.48,48.98,medium,low,9,namecheap,,,24/09/2026 23:11
8f120e5f-3a16-496e-96fd-39869b0a79cd,wholemeal.computer,available,22.48,48.98,medium,low,9,namecheap,,,13/09/2026 11:17
06b28da5-b69a-4d5b-8f8f-5f26e36c6eb9,overactive.computer,available,22.48,48.98,medium,low,10,namecheap,,,21/08/2026 16:42
69804596-6f9f-4b48-ae18-ec14e53a3294,truly.computer,available,18.41,32.21,high,low,5,dynadot,,,28/09/2026 15:02
39b2a9ac-c894-4386-968e-7f1d887b5eba,blazon.computer,available,23.99,38.99,high,low,6,namesilo,,,24/09/2026 05:05
a3c88c5f-57a2-4aa0-bdf5-28a1ac9b54a1,wry.computer,available,22.48,48.98,high,low,3,namecheap,,,22/08/2026 10:08
a4a24f0c-7dab-42d4-aef9-dd5839d56942,employed.computer,available,22.48,48.98,high,low,8,namecheap,,,16/08/2026 18:24
0c463574-daee-4b24-8299-9acfbdaa8e8d,andersen.computer,available,23.99,38.99,high,low,8,namesilo,,,19/09/2026 04:01
8a812ed5-0a6f-41e6-854c-d1f37fe210e2,tunica.computer,available,23.99,38.99,medium,low,6,namesilo,,,17/09/2026 10:35
cc9cf940-d35c-4b54-88cd-872ebc82d0fb,trot.computer,available,22.48,48.98,high,low,4,namecheap,,,01/10/2026 02:54
d304654e-97fb-41ae-b6ba-c9ce4cce2886,greenhouse.computer,available,22.48,48.98,high,low,10,namecheap,,,20/08/2026 19:51
fb96fb2c-fbb0-4c96-9a0b-77d0070fa571,condign.computer,available,22.48,48.98,medium,low,7,namecheap,,,12/08/2026 20:26
ba0d9200-6d4c-4be8-84bb-73eda60604ce,plausible.computer,available,22.48,48.98,high,low,9,namecheap,,,08/09/2026 20:55
bdcc6d77-8670-493e-887e-2e68c5e3b897,shiatsu.computer,available,23.99,38.99,medium,low,7,namesilo,,,17/09/2026 05:40
18a5cf07-7835-48c4-835a-be2e4b619611,thea.computer,available,17.8,31.25,high,low,4,spaceship,,,30/09/2026 11:10
33d944a1-9734-40f1-959e-fefd36d9cf58,rex.computer,premium,78.54,78.54,high,low,3,namesilo,,,27/09/2026 04:37
f357f131-9ac5-4b01-9cf0-2980e8734ba9,literacy.computer,available,23.99,38.99,high,low,8,namesilo,,,30/09/2026 02:09
a7db3ead-1559-4d61-a1a4-c87984d48f7c,disks.computer,available,23.99,38.99,medium,low,5,namesilo,,,18/09/2026 11:49
9340ca3c-70c1-48ce-9c48-0414c9f4ab97,vehement.computer,available,22.48,48.98,medium,low,8,namecheap,,,11/09/2026 09:44
44a38fc6-c24e-43f6-9d3a-abf2caf19892,actuary.computer,available,22.48,48.98,high,low,7,namecheap,,,17/09/2026 05:21
c6a0255a-e5da-442d-98f8-4936867f4188,bhang.computer,available,22.48,48.98,medium,low,5,namecheap,,,23/09/2026 12:34
4bc96b94-52ec-4256-af8c-a26f2c13a465,presidential.computer,available,30.2,30.2,high,low,12,cloudflare,,,27/09/2026 17:17
18f2e88e-1c6c-4337-9b04-523cca44ddc6,bombay.computer,premium,68.51,68.51,medium,low,6,spaceship,,,29/09/2026 00:15
6161705b-a12c-4201-b930-085e86686b43,worthy.computer,available,17.8,31.25,high,low,6,spaceship,,,28/09/2026 11:05
6a9c2860-b70c-4978-aa57-fb986900ca0f,impartial.computer,available,22.48,48.98,high,low,9,namecheap,,,21/08/2026 21:45
07a02caf-20af-4631-ac52-09faf98b56a5,bickering.computer,available,23.99,38.99,medium,low,9,namesilo,,,23/09/2026 13:12
59d8f532-d918-49d5-92c2-8c587cf80f15,toroidal.computer,available,22.48,48.98,medium,low,8,namecheap,,,11/09/2026 17:55
4b8371cd-1dd1-4a50-84ca-b25a3ee13a51,frontenac.computer,available,23.99,38.99,medium,low,9,namesilo,,,02/10/2026 00:51
d2fa878a-9d9f-4138-9fc1-7168f79f1185,airliner.computer,available,23.99,38.99,high,low,8,namesilo,,,17/09/2026 23:14
7ff5bb27-ba05-4482-99d9-347ec77b0a06,commutable.computer,available,22.48,48.98,medium,low,10,namecheap,,,12/08/2026 19:17
7b359980-0ede-423d-a131-770cca77e3a1,soursop.computer,available,23.99,38.99,high,low,7,namesilo,,,19/09/2026 10:36
da399ac9-0114-4d09-aba4-4b8bec1f9d0b,pigs.computer,available,23.99,38.99,high,low,4,namesilo,,,25/09/2026 15:51
ea1c12d6-0569-42aa-ba33-98c44b281de4,flexibility.computer,available,17.8,31.25,high,low,11,spaceship,,,29/09/2026 16:16
e76ac102-9982-4c65-9ee3-7b84bf04f58f,broad.computer,available,23.99,38.99,high,low,5,namesilo,,,19/09/2026 06:03
cf74d27d-ebe0-4ca5-aa17-71fa0a33b879,bossy.computer,available,22.48,48.98,medium,low,5,namecheap,,,07/08/2026 19:35
410e1d9a-4c7e-481d-87ec-69cc7847d724,replace.computer,available,22.5,,high,low,7,unstoppable,,,28/09/2026 01:47
e65bb200-7f4f-4faf-808a-0d2eff179908,bandbox.computer,available,23.99,38.99,high,low,7,namesilo,,,22/09/2026 01:01
0f7e70b7-3383-4bd8-8786-186800527209,aeroplane.computer,available,22.48,48.98,high,low,9,namecheap,,,08/09/2026 20:39
43804b53-1ff5-45ca-928d-5abf7e8a6850,birdcage.computer,available,22.48,48.98,high,low,8,namecheap,,,23/09/2026 20:32
ae409a5e-1919-4650-8446-7f730ead522b,jordanian.computer,available,22.48,48.98,high,low,9,namecheap,,,22/08/2026 14:01
1e9677a4-b322-4f2d-a007-83eb0eaa37c9,chasing.computer,available,23.99,38.99,high,low,7,namesilo,,,27/09/2026 06:54
f09696a8-d351-40e2-9dee-93a9cbf920eb,denied.computer,available,23.99,38.99,low,low,6,namesilo,,,27/09/2026 02:21
33b9d12c-312b-4135-9ce5-1de2dcaede17,changeless.computer,available,22.48,48.98,medium,low,10,namecheap,,,12/08/2026 01:58
c0a3b2b0-8432-402e-9451-b661ffe2b782,burbly.computer,available,22.48,48.98,medium,low,6,namecheap,,,11/08/2026 10:14
51cfaa0d-8018-4005-b6fb-190cafd45da6,miscellany.computer,available,22.48,48.98,medium,low,10,namecheap,,,25/08/2026 08:20
c48f59fc-0d45-480e-971d-5701eb84333e,upright.computer,available,22.48,48.98,high,low,7,namecheap,,,17/08/2026 12:05
d9ddd0ad-834f-4331-b945-eaecc9150cc8,rheumatoid.computer,available,22.48,48.98,medium,low,10,namecheap,,,06/08/2026 23:10
7a475ea3-b9a5-4798-a52e-3b003e5961b0,harlow.computer,available,23.99,38.99,high,low,6,namesilo,,,28/09/2026 05:57
8e4311f3-cb36-4597-bd47-7d83901e9f00,birling.computer,available,22.48,48.98,medium,low,7,namecheap,,,23/09/2026 20:48
d2e9597f-f274-4088-869e-d7b76295ad44,veracruz.computer,available,18.02,31.41,high,low,8,porkbun,,,28/09/2026 06:50
4ccef5b7-51b6-439a-b287-9a4eb0fbb471,possibly.computer,available,17.8,31.25,medium,low,8,spaceship,,,28/09/2026 16:14
679575d3-9cda-40b6-9e2b-7125152c37dd,alcazar.computer,available,23.99,38.99,medium,low,7,namesilo,,,18/09/2026 03:51
4f706791-49b6-427d-a86e-719c86ab4f1e,renee.computer,available,18.41,32.21,medium,low,5,dynadot,,,28/09/2026 21:55
fcb1927c-e572-4ab8-af74-02be0a410627,stewart.computer,available,23.99,38.99,high,low,7,namesilo,,,29/09/2026 17:05
7e926391-edf0-4246-bb68-0654b15c7a4e,sephardic.computer,available,18.41,32.21,medium,low,9,dynadot,,,30/09/2026 06:25
bdfc75c6-9d3b-4696-b6d0-6d288186414c,darned.computer,available,22.48,48.98,medium,low,6,namecheap,,,10/08/2026 12:41
a723e75d-8a7d-4934-aeaf-0d63dac34776,swot.computer,available,22.48,48.98,medium,low,4,namecheap,,,10/08/2026 18:21
26874f8b-81b2-42be-b46d-9aef41dcf575,radiantly.computer,available,22.48,48.98,medium,low,9,namecheap,,,15/09/2026 22:18
2814604e-b43a-466b-8974-d0f9344e88ed,threepenny.computer,available,22.48,48.98,medium,low,10,namecheap,,,10/09/2026 09:08
ef01b87d-b7d7-4d25-bfd2-69cbd71f35fe,canoe.computer,available,17.8,31.25,high,low,5,spaceship,,,29/09/2026 06:41
1e78a06e-f268-40a9-ba26-474c674ef4d3,logged.computer,available,17.8,31.25,medium,low,6,spaceship,,,29/09/2026 16:39
99066f17-53d5-428c-8cfc-a302e000dc28,mandal.computer,available,22.48,48.98,medium,low,6,namecheap,,,30/09/2026 20:27
830aebd1-d974-4075-8cc7-8c1ffb407e1e,tempted.computer,available,23.99,38.99,medium,low,7,namesilo,,,29/09/2026 16:59
1b45a1c6-aeb1-4bd2-a467-0b635f7fc8b0,sculpted.computer,available,22.48,48.98,high,low,8,namecheap,,,20/08/2026 18:50
bf336a38-2c98-4172-a8eb-a618045eab9d,scathing.computer,available,22.48,48.98,medium,low,8,namecheap,,,09/09/2026 22:57
4bd4988f-2a9f-47c4-b767-39a3958b54b2,filing.computer,available,22.5,,medium,low,6,unstoppable,,,28/09/2026 14:11
e64fe21a-2ed8-4eb1-9fc6-c4201ac7af92,hammock.computer,available,18.02,31.41,high,low,7,porkbun,,,01/10/2026 02:23
8b0211f5-4681-439d-ab94-8308c1caadb5,anseres.computer,available,23.99,38.99,medium,low,7,namesilo,,,19/09/2026 12:08
9c10a0fc-8caf-47da-8e16-3e1e56faa7ee,agenesis.computer,available,23.99,38.99,medium,low,8,namesilo,,,17/09/2026 17:08
9487797e-6469-4491-8151-2a1f12ad0652,balata.computer,available,22.48,48.98,medium,low,6,namecheap,,,21/09/2026 21:12
615892a9-7867-4593-8563-7355fad8c6f7,dumps.computer,available,23.99,38.99,high,low,5,namesilo,,,30/09/2026 09:26
520d30d6-f131-47a6-a9e9-97311224c554,senator.computer,available,22.48,48.98,high,low,7,namecheap,,,26/09/2026 00:17
ae4b349d-401e-493a-9fe1-cee89737d23b,wakeful.computer,available,22.48,48.98,medium,low,7,namecheap,,,04/09/2026 16:03
5f59b997-19e2-47f5-b1f6-a72030e52e21,zipper.computer,available,22.48,48.98,high,low,6,namecheap,,,01/10/2026 03:44
478fa10d-8862-4256-af1f-14fa9447b0df,garrulous.computer,available,22.48,48.98,medium,low,9,namecheap,,,12/08/2026 03:20
2c263579-42f7-4c51-b648-1122f69893ca,jumbled.computer,available,22.48,48.98,medium,low,7,namecheap,,,21/08/2026 08:39
c953de65-39ff-4bdc-87c6-d400dae1e02f,playfield.computer,available,23.99,38.99,high,low,9,namesilo,,,02/10/2026 02:59
5e05933b-12de-4d74-ac07-a46412b735f7,hiram.computer,available,17.8,31.25,medium,low,5,spaceship,,,27/09/2026 19:47
935dbed4-9988-4d6a-b654-891c7007f560,sul.computer,available,22.48,48.98,medium,low,3,namecheap,,,27/09/2026 10:19
e76fb158-2c89-4a28-bb61-cb3c4c02e58d,val.computer,premium,85.8,85.8,high,low,3,namecheap,,,27/09/2026 06:29
270a604c-0412-44dd-888d-c46f2986ac5d,novosibirsk.computer,available,22.5,,medium,low,11,unstoppable,,,30/09/2026 05:10
f76004d4-14ff-404b-b3cc-414edc03803d,lipitor.computer,available,23.99,38.99,high,low,7,namesilo,,,21/09/2026 00:35
01c66cf2-3642-46e3-b0a6-185b75f4f3fa,tbd.computer,available,23.99,38.99,high,low,3,namesilo,,,01/10/2026 00:27
8e096c58-a585-41a7-97df-986c6f8247b7,lipstick.computer,available,17.8,31.25,high,low,8,spaceship,,,02/10/2026 05:27
de539774-04ba-41ff-9038-f44c6784cf41,burned.computer,available,23.99,38.99,medium,low,6,namesilo,,,23/09/2026 11:37
91a3e817-2ec8-40cc-bc0b-fe84ee5e0f48,heywood.computer,available,17.8,31.25,medium,low,7,spaceship,,,29/09/2026 04:25
3a85d015-3773-4947-a2e8-76f55f3e0b76,callie.computer,available,23.99,38.99,high,low,6,namesilo,,,02/10/2026 00:10
aca84436-1ee5-4a0e-a0dc-e2ab396e3379,tortious.computer,available,22.48,48.98,medium,low,8,namecheap,,,11/09/2026 17:59
aef63f73-cd4f-40ee-a2f5-229844ba070b,batna.computer,available,23.99,38.99,medium,low,5,namesilo,,,22/09/2026 14:06
c61f8c8b-b45a-40fc-b503-40579457ee62,blackmail.computer,available,23.99,38.99,high,low,9,namesilo,,,24/09/2026 02:52
0e2b1f49-fc21-4de2-b782-5bb174b23172,hanged.computer,available,17.8,31.25,medium,low,6,spaceship,,,28/09/2026 08:24
c70f9301-53c5-4183-9ae3-5f1a4ed53565,setting.computer,available,17.8,31.25,high,low,7,spaceship,,,30/09/2026 04:41
06e2db20-f9ab-47a4-98df-29aa1596e4a3,annotating.computer,available,23.99,38.99,medium,low,10,namesilo,,,19/09/2026 10:41
6ea04864-fd85-4a78-bf36-dd1f60dc4338,argiope.computer,available,23.99,38.99,medium,low,7,namesilo,,,20/09/2026 04:25
407c1bee-43a7-468a-b0d5-5b89019db01a,unsheathed.computer,available,22.48,48.98,medium,low,10,namecheap,,,12/09/2026 19:47
ee0b9db1-cfd7-4bfe-a74e-8cc6ab8732cc,grooved.computer,available,22.48,48.98,medium,low,7,namecheap,,,20/08/2026 20:17
cd7e5e55-6abf-4fbd-af61-4172682991fd,democratic.computer,available,23.99,38.99,high,low,10,namesilo,,,24/09/2026 05:46
a11511f0-b66b-4a52-93c2-b2185e43ff1d,untaxed.computer,available,22.48,48.98,medium,low,7,namecheap,,,11/09/2026 09:28
0a263174-efe3-4c23-a18c-564c3c4f3138,drenched.computer,available,22.48,48.98,medium,low,8,namecheap,,,14/08/2026 18:51
03eaeadc-ede7-4fc3-9e21-0059df42657f,awkward.computer,available,23.99,38.99,high,low,7,namesilo,,,22/09/2026 15:31
a8781090-0f59-4475-b243-5b7c2698ff7c,monoclonal.computer,available,22.48,48.98,medium,low,10,namecheap,,,19/09/2026 05:27
b45002d5-8602-4617-96d2-df580eecec40,few.computer,available,23.99,38.99,high,low,3,namesilo,,,24/09/2026 17:38
c309c2e3-6109-45af-b83e-b8e93d56db80,currawong.computer,available,22.48,48.98,medium,low,9,namecheap,,,23/09/2026 05:33
8f9675bf-dc35-48bc-ad2d-706c78f2275b,birds.computer,available,29.99,,high,low,5,name.com,,,
445e0eba-a737-4bfa-a135-f0316ba77d04,cordiality.computer,available,23.99,38.99,high,low,10,namesilo,,,18/09/2026 21:58
d188faa5-1300-4e27-adc8-18004d4ae98b,horace.computer,available,30.2,30.2,high,low,6,cloudflare,,,28/09/2026 02:07
25221339-0903-4e2e-b98d-9bf18ce08d9c,adapter.computer,available,23.99,38.99,high,low,7,namesilo,,,17/09/2026 06:30
80a135e4-62a9-4ce4-b103-9d0ccaa93cf2,heave.computer,available,18.41,32.21,medium,low,5,dynadot,,,01/10/2026 19:43
1a84c13a-d473-4bf3-93d4-36a56dc54c32,adaptation.computer,available,23.99,38.99,high,low,10,namesilo,,,17/09/2026 06:27
c479da4f-54be-41a0-84b9-e7ed129440aa,starving.computer,available,22.48,48.98,medium,low,8,namecheap,,,10/09/2026 19:04
7b7a851a-fba5-41aa-b410-a78c5ce35e07,rabid.computer,available,22.48,48.98,medium,low,5,namecheap,,,17/08/2026 21:52
a1027fe6-1314-4099-844d-b5d17787c3f0,sweetish.computer,available,22.48,48.98,medium,low,8,namecheap,,,11/09/2026 05:36
75568e38-cd4c-42fa-b2b2-7c9bcd4dfad5,pean.computer,available,22.48,48.98,medium,low,4,namecheap,,,05/09/2026 00:47
fb0310e6-6f55-48b6-8afa-683f1693571e,belated.computer,available,22.48,48.98,medium,low,7,namecheap,,,09/08/2026 12:37
77f88125-23bb-480d-a4d6-b6600081ba7a,facilitate.computer,available,22.5,,high,low,10,unstoppable,,,30/09/2026 19:40
b2a9ff6d-0329-4d6a-a5b1-c939999e6aff,soaking.computer,available,22.48,48.98,medium,low,7,namecheap,,,14/09/2026 14:28
db63cffa-aa99-4cf2-9321-8d8276e15cb0,desire.computer,available,22.48,48.98,high,low,6,namecheap,,,19/09/2026 18:10
a03ca36f-a1b9-43f0-a7e3-51b33862e17f,hugging.computer,available,23.99,38.99,high,low,7,namesilo,,,24/09/2026 12:55
7aa4876f-e283-4707-b5a3-7debafac6b61,actors.computer,available,29.99,,medium,low,6,name.com,,,
441ba471-4ab1-433c-8364-b33ccdeb7097,ema.computer,premium,38.94,38.94,high,low,3,namesilo,,,01/10/2026 16:52
ae8d17b6-1e55-44a2-b27e-eba5fa2eb3cb,betoken.computer,available,23.99,38.99,medium,low,7,namesilo,,,21/09/2026 03:31
f7eab6d3-c645-4d00-9fbd-df3766ba4f5e,seaward.computer,available,22.48,48.98,medium,low,7,namecheap,,,22/08/2026 06:58
1bf94eba-edc5-4704-b195-9fd34ecf5f48,sulky.computer,available,22.48,48.98,medium,low,5,namecheap,,,20/08/2026 14:46
c96dd879-cd6f-4ed2-a2bf-5c24d9c732fa,olibanum.computer,available,23.99,38.99,medium,low,8,namesilo,,,16/09/2026 09:03
b8cf9429-a86d-422d-8413-c05234579b33,acanthus.computer,available,22.48,48.98,medium,low,8,namecheap,,,16/09/2026 21:02
fb7946a8-77c4-4e4a-90f6-ea978b4df3df,harrogate.computer,premium,68.51,68.51,medium,low,9,spaceship,,,02/10/2026 00:02
42bd3753-6995-4cd7-ba1a-32638e48798d,disassemble.computer,available,22.5,,high,low,11,unstoppable,,,01/10/2026 23:52
6de25471-95d5-4100-80f4-0c48979f8b17,sounded.computer,available,29.99,,medium,low,7,name.com,,,
82af2b9a-b7f7-4585-9132-1e00dea8489f,acinic.computer,available,22.48,48.98,medium,low,6,namecheap,,,
e1c80c1c-8ce1-4911-83e6-9fcbdfd27473,vinegar.computer,available,17.8,31.25,high,low,7,spaceship,,,29/09/2026 08:17
d432c832-f738-45bc-87b2-ba3a5f086e14,obey.computer,available,22.5,,high,low,4,unstoppable,,,30/09/2026 20:37
d081f33e-8bf1-471f-ba2c-de94d721d3ed,cherish.computer,available,17.8,31.25,high,low,7,spaceship,,,29/09/2026 08:23
6203bb44-0794-443b-afe3-5cb8b9e29934,lega.computer,available,22.48,48.98,high,low,4,namecheap,,,30/09/2026 21:45
1b367b5f-e25f-4091-8e12-2d960064c38e,simmons.computer,available,22.5,,medium,low,7,unstoppable,,,28/09/2026 07:47
f7b75db0-a8be-4094-b76e-845d0c791adb,incisive.computer,available,22.48,48.98,medium,low,8,namecheap,,,22/08/2026 01:21
6e41c640-97fb-476c-b88f-b0b8456c62e3,put.computer,available,23.99,38.99,high,low,3,namesilo,,,25/09/2026 13:13
0fc0939e-4c35-4746-b380-635fdb93a91c,chuck.computer,available,22.48,48.98,high,low,5,namecheap,,,08/09/2026 10:16
81aaf843-85b9-48e9-90dc-0c57d24f33f0,permanent.computer,available,22.48,48.98,high,low,9,namecheap,,,22/08/2026 20:24
e83fadbc-8e3f-4c06-9701-ae883628d7b1,delineate.computer,available,22.48,48.98,medium,low,9,namecheap,,,14/08/2026 00:39
49be04bc-5001-4dbd-89b8-7cf521dc9b30,harvesting.computer,available,18.02,31.41,high,low,10,porkbun,,,01/10/2026 02:26
d008059b-3799-4989-877c-7ed337b0f525,ornamental.computer,available,22.48,48.98,high,low,10,namecheap,,,13/08/2026 02:53
70e944c3-23b4-4c33-9330-900f44f9274e,maura.computer,available,17.8,31.25,medium,low,5,spaceship,,,01/10/2026 08:34
60ca4719-4070-481d-8f74-8687c7f906f9,transfusion.computer,available,22.5,,high,low,11,unstoppable,,,30/09/2026 06:34
65ba6a46-9ba3-47b8-9b6d-f464deb083ff,uncultivated.computer,available,30.2,30.2,medium,low,12,cloudflare,,,01/10/2026 05:35
74de3ff3-3b36-4545-9a7b-ae9e34effbd9,puppies.computer,available,17.8,31.25,low,low,7,spaceship,,,30/09/2026 00:00
00495982-c9ea-43f3-89cd-412b01ce9042,carboxyl.computer,available,22.48,48.98,medium,low,8,namecheap,,,11/08/2026 18:44
3f2f0498-69bc-41e9-9b91-2b72d3729007,orthogonal.computer,available,22.48,48.98,high,low,10,namecheap,,,17/08/2026 19:23
f132672d-24de-4f93-b30d-3627d1a43dd5,abort.computer,available,23.99,38.99,high,low,5,namesilo,,,16/09/2026 16:38
122725bc-af30-4df5-82eb-0445759674ab,brinjal.computer,available,23.99,38.99,high,low,7,namesilo,,,21/09/2026 02:34
021201d9-5a38-43f1-bb36-21c343e69846,slum.computer,available,17.8,31.25,medium,low,4,spaceship,,,30/09/2026 02:54
f4c5975d-583f-4ab8-a1d9-9dd7bee84ee6,saddle.computer,available,17.8,31.25,high,low,6,spaceship,,,29/09/2026 02:22
feb54463-986d-40a1-8bae-25afc1aa5ecf,sourish.computer,available,22.48,48.98,medium,low,7,namecheap,,,22/08/2026 23:29
ed0f60fd-4a99-4266-a339-744435643e3d,taft.computer,available,30.2,30.2,high,low,4,cloudflare,,,29/09/2026 07:29
3a3d5c80-b894-4460-9235-7aba36a5de72,bather.computer,available,23.99,38.99,medium,low,6,namesilo,,,22/09/2026 13:31
00a3fe9f-ce89-40be-b367-0623528d303e,smells.computer,available,18.41,32.21,low,low,6,dynadot,,,28/09/2026 08:33
161cce72-d5a1-4362-a9c5-f9e9e7807d01,ofc.computer,available,18.41,32.21,medium,low,3,dynadot,,,29/09/2026 03:35
bd53b60a-7e33-48a9-b05b-ed5e2a03e2cb,fixation.computer,available,23.99,38.99,high,low,8,namesilo,,,20/09/2026 09:06
71e284ac-a4bf-4965-8be0-492d91c94feb,altering.computer,available,23.99,38.99,high,low,8,namesilo,,,18/09/2026 14:47
9af95b03-39ed-41eb-b27f-cc49adae5da7,yuan.computer,available,23.99,38.99,high,low,4,namesilo,,,29/09/2026 07:27
af21574e-cac8-4cc8-a2af-c4a2d7c55e4f,apeldoorn.computer,available,23.99,38.99,medium,low,9,namesilo,,,19/09/2026 16:24
3be4b39d-37df-4026-b2b0-ea8f7115c93f,removed.computer,available,23.99,38.99,high,low,7,namesilo,,,26/09/2026 00:50
1d1126f0-100f-4fc2-91da-1796d800d182,prick.computer,available,22.48,48.98,medium,low,5,namecheap,,,08/08/2026 23:38
3ea271dd-75b2-417d-89b0-030e786254e0,ordering.computer,available,17.8,31.25,high,low,8,spaceship,,,27/09/2026 15:05
d70abefa-2746-4eb6-9f11-66b7602ec7f7,apiece.computer,available,22.48,48.98,medium,low,6,namecheap,,,14/08/2026 22:12
3e447a87-228e-45ba-bf08-a2c292ebf2b7,unrivaled.computer,available,22.48,48.98,high,low,9,namecheap,,,24/08/2026 17:06
aad1fc12-08e5-43d7-aed3-daec6d8ea670,beneficial.computer,available,22.48,48.98,high,low,10,namecheap,,,09/08/2026 14:24
e923e31b-ec2e-4d25-a6ee-ce5f423dff7d,thus.computer,available,23.99,38.99,high,low,4,namesilo,,,28/09/2026 15:12
8c93b33b-dfd1-4044-8564-09245ecca888,age.computer,premium,78.54,78.54,high,low,3,namesilo,,,19/09/2026 07:13
a6c0771e-d793-4bb5-a647-e512d632ca81,barograph.computer,available,23.99,38.99,medium,low,9,namesilo,,,22/09/2026 06:59
4e1921e7-717d-4a97-9cbb-ad39f14ed3bc,behaviours.computer,available,22.48,48.98,medium,low,10,namecheap,,,20/09/2026 22:06
3ea0c320-7943-4faa-88f0-cc75ce6e3208,spf.computer,available,30.2,30.2,high,low,3,cloudflare,,,30/09/2026 17:23
a1722e2f-a6d9-4ff6-9693-6f4d240f96f6,radha.computer,available,18.41,32.21,medium,low,5,dynadot,,,30/09/2026 21:08
1fb67216-98e1-4e7a-84f2-370260becd65,alkalic.computer,available,22.48,48.98,medium,low,7,namecheap,,,
94dcb983-95a4-4326-b659-9c866a42307b,bastille.computer,available,23.99,38.99,high,low,8,namesilo,,,22/09/2026 12:48
4f4aad3a-8120-4a63-8689-ffdd060798ce,argon.computer,available,23.99,38.99,high,low,5,namesilo,,,19/09/2026 23:19
6f02d778-f375-4748-b136-4cf25e2b87ff,packaging.computer,available,23.99,38.99,high,low,9,namesilo,,,29/09/2026 13:38
f82f27a7-e9d1-4c29-ac9f-8ac8ad289e0b,murky.computer,available,22.48,48.98,medium,low,5,namecheap,,,25/08/2026 01:08
924bbe18-cb7a-419b-b4e8-aa0799f67ee6,nucleate.computer,available,22.48,48.98,medium,low,8,namecheap,,,03/09/2026 22:24
f0fc4040-4233-4345-8e61-aa87293a13c7,barthelme.computer,available,23.99,38.99,medium,low,9,namesilo,,,22/09/2026 09:06
33a2ec81-9294-4ae2-ac88-b09b0a26d123,riches.computer,available,30.2,30.2,high,low,6,cloudflare,,,28/09/2026 20:20
4d68819d-2618-4635-be98-b293efb4de2e,sprightly.computer,available,22.48,48.98,medium,low,9,namecheap,,,10/09/2026 16:49
6015805c-ce51-4182-905c-069379d56f44,refinery.computer,available,30.2,30.2,high,low,8,cloudflare,,,30/09/2026 02:41
e4b4b8ae-aea2-461c-973a-9099eea90a2d,djs.computer,available,17.8,31.25,medium,low,3,spaceship,,,30/09/2026 07:31
75f8f3e7-185d-482f-bc7a-7b6e9c0fc27e,gains.computer,available,22.48,48.98,medium,low,5,namecheap,,,18/09/2026 18:50
56d851a4-6b4b-4207-b5ff-0fa857c2259e,disappears.computer,available,22.5,,low,low,10,unstoppable,,,28/09/2026 13:25
5684de45-f134-426a-9d4f-accdfcdd7a86,discourage.computer,available,30.2,30.2,medium,low,10,cloudflare,,,29/09/2026 20:38
eaaa1d59-8147-43fd-9311-f0a1cef53e81,boldface.computer,available,22.48,48.98,high,low,8,namecheap,,,10/08/2026 17:43
b7500b16-8b2a-4157-a961-f431d999faa7,abode.computer,available,23.99,38.99,high,low,5,namesilo,,,16/09/2026 16:25
0a365f5d-e6c5-491b-b0d3-6c5dfe0f6c54,proportion.computer,available,17.8,31.25,high,low,10,spaceship,,,30/09/2026 07:43
b572e6f3-9582-4b70-b9c3-d502a579a3a6,laurels.computer,available,22.48,48.98,high,low,7,namecheap,,,16/09/2026 22:48
45863213-c7ed-4968-a71c-df0994adc924,paley.computer,available,22.48,48.98,medium,low,5,namecheap,,,29/09/2026 15:50
a2f0bb03-f8f6-4fcc-b752-3bfab7ec628e,outright.computer,available,22.48,48.98,high,low,8,namecheap,,,04/09/2026 19:35
0bfd9391-5496-41e2-b7fb-11d0177f5790,squander.computer,available,22.48,48.98,medium,low,8,namecheap,,,13/09/2026 08:34
f18f37af-ab09-4a78-8635-31320a118c94,conjunct.computer,available,22.48,48.98,high,low,8,namecheap,,,12/08/2026 20:08
398169d6-9cc7-47a7-9ba6-6eb4222e1f0a,gusts.computer,available,23.99,38.99,medium,low,5,namesilo,,,20/09/2026 20:54
17f926a9-51b4-474e-bb45-064cb56898db,colorado.computer,premium,85.8,85.8,high,low,8,namecheap,,,24/09/2026 13:30
b554ac7e-2331-40d3-9e32-416fd206f660,surveillance.computer,available,22.48,48.98,high,low,12,namecheap,,,27/09/2026 08:40
39d06ca3-d9bd-482b-991e-f8dc9176aecf,ritchie.computer,available,23.99,38.99,high,low,7,namesilo,,,25/09/2026 16:00
b4d5512a-54cb-4e51-8d82-b41f97b2bb49,daley.computer,available,18.41,32.21,high,low,5,dynadot,,,28/09/2026 11:42
86fd3751-d9bb-4d6c-b303-a062a7c60295,warrington.computer,premium,68.51,68.51,medium,low,10,spaceship,,,28/09/2026 07:51
03b12f99-a047-45dc-b8d9-da2a57b341c2,panamanian.computer,available,22.48,48.98,high,low,10,namecheap,,,05/09/2026 00:34
ae0f59a4-35ee-46fc-832b-78bf3c44c9e9,abattis.computer,available,23.99,38.99,medium,low,7,namesilo,,,16/09/2026 14:11
80618b5f-792a-4c65-93be-857e607cbff8,comrades.computer,available,22.5,,medium,low,8,unstoppable,,,28/09/2026 13:07
6ac3a80b-8526-482c-84a1-f298f14e89d3,atresia.computer,available,23.99,38.99,medium,low,7,namesilo,,,21/09/2026 00:42
7ca033f2-d4cf-48d0-8624-ff451ad1a98d,jesus.computer,premium,78.54,78.54,high,medium,5,namesilo,,,29/09/2026 09:01
8c596b55-1983-4a6e-bc94-131c85f8616f,stp.computer,available,30.2,30.2,high,low,3,cloudflare,,,01/10/2026 21:35
bc289315-aca5-41cd-9351-8e601144dcec,composition.computer,available,18.02,31.41,medium,low,11,porkbun,,,28/09/2026 22:45
742ad2eb-f96a-4b9b-80ae-3a403aaa2d82,cerise.computer,available,22.48,48.98,medium,low,6,namecheap,,,10/08/2026 15:04
e61b80cf-3d63-4b65-b8eb-70b804047145,gmc.computer,premium,66.5,,high,low,3,unstoppable,,,30/09/2026 11:50
2c2d703d-a2b2-46b5-b172-45df5fce3336,essays.computer,available,30.2,30.2,medium,low,6,cloudflare,,,30/09/2026 06:39
400eecbb-beed-4591-a0dc-21c5e8e98d53,cpp.computer,available,23.99,38.99,high,low,3,namesilo,,,01/10/2026 12:13
d9da0b5f-a6dc-414d-ab44-f69f49b61b84,winifred.computer,available,17.8,31.25,medium,low,8,spaceship,,,28/09/2026 21:52
79c50453-9ff8-440e-8425-1c74c8c7a3b3,ceramics.computer,available,30.2,30.2,high,low,8,cloudflare,,,30/09/2026 16:39
4229eb77-4232-47f1-adef-65c9440b6139,trimly.computer,available,23.99,38.99,medium,low,6,namesilo,,,16/09/2026 09:29
2f5d4da8-f7db-427d-88d9-ed16b062c5ca,ontario.computer,premium,102.67,102.67,high,low,7,spaceship,,,30/09/2026 17:50
becd555f-1ad1-4e02-b12b-eafbbc5f1f76,aerosol.computer,available,23.99,38.99,high,low,7,namesilo,,,17/09/2026 13:15
1e3fe503-7f66-4cd8-bc80-5c9c31e62252,lienal.computer,available,22.48,48.98,low,low,6,namecheap,,,23/08/2026 01:33
eb44df47-f307-41ff-bee8-f888c29a56b0,intoxicated.computer,available,22.5,,medium,low,11,unstoppable,,,30/09/2026 03:42
2eed3a61-73dd-450a-959f-599046f34185,brawl.computer,available,30.2,30.2,high,low,5,cloudflare,,,29/09/2026 11:45
3183ae0f-b0b8-4737-8c35-92371ddaa421,pretender.computer,available,22.48,48.98,high,low,9,namecheap,,,08/09/2026 19:12
327b5678-1aec-434f-ba1c-247dc81bb6e4,certify.computer,available,22.48,48.98,high,low,7,namecheap,,,24/08/2026 15:04
2af3f823-286f-4c05-a074-35dbbd3dbf6b,wreckage.computer,available,17.8,31.25,medium,low,8,spaceship,,,29/09/2026 08:20
6f26cccf-946e-4ecb-ac63-a909ef2f6699,gallant.computer,available,22.48,48.98,high,low,7,namecheap,,,12/08/2026 06:16
db8b5a1b-907c-4fe3-937f-7beac6c44a92,creditors.computer,available,22.48,48.98,medium,low,9,namecheap,,,20/09/2026 15:31
e5b0c408-5adc-4902-90d8-5bd9ffe811e2,dahl.computer,available,17.8,31.25,medium,low,4,spaceship,,,28/09/2026 09:14
3217b784-7cd7-4c67-a35b-cae70e05f0ff,manipulating.computer,available,17.8,31.25,medium,low,12,spaceship,,,30/09/2026 14:55
d04e11ae-a8ce-41f8-9e2e-01796092aa89,rowell.computer,available,22.48,48.98,medium,low,6,namecheap,,,01/10/2026 11:02
16425c05-9a38-496d-a88b-b424e6956368,inwards.computer,available,22.48,48.98,high,low,7,namecheap,,,21/08/2026 23:32
e79cd917-8a6b-4381-ba45-422e71f9ab58,votes.computer,available,22.48,48.98,medium,low,5,namecheap,,,17/09/2026 13:26
04810d75-ad1d-4645-8763-1b16226cefc7,mckinnon.computer,available,22.48,48.98,medium,low,8,namecheap,,,30/09/2026 05:39
c361b111-c13e-4c9e-af42-c7cf0e4caca0,guitar.computer,available,22.5,,high,low,6,unstoppable,,,29/09/2026 21:44
d738c0bb-7b74-4ccc-814a-5e484150c016,rations.computer,available,30.2,30.2,medium,low,7,cloudflare,,,30/09/2026 06:27
eaa12334-0fb0-425e-9306-c970e943ac98,determine.computer,available,22.5,,high,low,9,unstoppable,,,30/09/2026 11:01
09d4e944-8386-4307-845a-97c785700817,professionals.computer,available,22.5,,high,low,13,unstoppable,,,28/09/2026 12:40
0255b789-020e-4467-a96a-05310dad2c0a,edentulous.computer,available,22.48,48.98,medium,low,10,namecheap,,,15/08/2026 08:36
714dd4a6-ac85-488a-aa30-b669e619fc59,canyon.computer,available,22.5,,high,low,6,unstoppable,,,28/09/2026 05:22
328fa1ee-4c8f-477c-8a32-6ac787226fbe,acceptor.computer,available,33.99,50.99,high,low,8,name.com,,,16/09/2026 22:02
29162d8e-29b8-494a-9abd-b8d49b3a99fe,implies.computer,available,30.2,30.2,medium,low,7,cloudflare,,,29/09/2026 15:58
25797f96-1a1f-426c-900d-a2c7e995ba1d,theirs.computer,available,29.99,,medium,low,6,name.com,,,
1aee5355-ada5-4584-a12c-1e11da2449e5,filesize.computer,available,29.99,,medium,low,9,name.com,,,
0e36d93c-9f0b-4f45-8014-b0cd1b8bcbcf,compensate.computer,available,23.99,38.99,high,low,10,namesilo,,,27/09/2026 15:05
68aa7e05-01a6-40b0-afd0-b295623d4d9f,baedeker.computer,available,23.99,38.99,medium,low,8,namesilo,,,21/09/2026 17:22
31ecb493-5b2e-4ec5-ad77-5a9f20a9adb5,marriage.computer,available,30.2,30.2,high,low,8,cloudflare,,,30/09/2026 03:47
e4c707f2-8477-4ffd-a7ad-cdca57be44d3,wilbur.computer,available,23.99,38.99,high,low,6,namesilo,,,27/09/2026 07:43
8a0a52cd-15a5-4e60-b0c6-fe69b473da65,ease.computer,available,17.8,31.25,high,low,4,spaceship,,,27/09/2026 13:14
df6cb148-b206-4e43-a315-db5a799eab81,howard.computer,premium,78.54,78.54,high,low,6,namesilo,,,25/09/2026 04:08
b139eb6c-8dd5-45a1-953a-dc5ee2f8c79e,ncc.computer,available,17.8,31.25,high,low,3,spaceship,,,30/09/2026 06:29
b05d6715-c605-46bb-9ed9-41b6630365df,wells.computer,available,23.99,38.99,high,low,5,namesilo,,,27/09/2026 04:19
956dff6c-d3bc-4583-b688-d5b0ade579ec,blatta.computer,available,23.99,38.99,medium,low,6,namesilo,,,24/09/2026 04:54
74868eb6-aee3-4c51-a98c-dc2d4114428d,asher.computer,available,18.41,32.21,high,low,5,dynadot,,,30/09/2026 04:20
c9b5812c-0559-426e-91af-88ecb320e2b4,grabbing.computer,available,17.8,31.25,medium,low,8,spaceship,,,29/09/2026 14:55
ad3d8bac-ef5d-4835-be08-f2cecb9ee2b0,mervyn.computer,available,23.99,38.99,medium,low,6,namesilo,,,30/09/2026 20:52
bc2f0fb0-35af-422c-8c47-1b12a298062d,binds.computer,available,23.99,38.99,low,low,5,namesilo,,,01/10/2026 00:28
79599e18-618a-4871-b83b-d29c5a244d83,sufficient.computer,available,17.8,31.25,high,low,10,spaceship,,,28/09/2026 01:52
6453ae7b-91cb-43bc-a41c-33b1144b772f,autarchy.computer,available,22.48,48.98,medium,low,8,namecheap,,,21/09/2026 05:05
9df47346-78f4-4a5e-bc3d-e31c25cc1a4d,chariot.computer,available,23.99,38.99,high,low,7,namesilo,,,29/09/2026 11:53
8525d431-6a1f-4055-8697-9f041914c2cc,honegger.computer,available,23.99,38.99,high,low,8,namesilo,,,20/09/2026 10:55
29734892-f788-496f-946a-aade616d8dee,bisayan.computer,available,22.48,48.98,medium,low,7,namecheap,,,23/09/2026 21:29
6c6ee990-898e-4279-8263-31ec51073a75,fresno.computer,premium,,,medium,low,6,,,,30/09/2026 01:42
0e9cf568-fe09-4c3d-b4a9-221bc4a8c022,bereaved.computer,available,22.48,48.98,low,low,8,namecheap,,,09/08/2026 15:03
e02ee72c-3440-4229-b79b-144beddac4c1,tenerife.computer,available,22.5,,high,low,8,unstoppable,,,01/10/2026 04:01
3e675d8c-3a84-4e53-be94-f0474c82d284,raspy.computer,available,22.48,48.98,medium,low,5,namecheap,,,20/08/2026 18:31
c2ec2ccc-f43b-41fd-bdee-4de3f8d73188,spartanburg.computer,available,18.41,32.21,high,low,11,dynadot,,,29/09/2026 22:45
6723323b-3d71-436a-b373-038f44ec09d4,bluetooth.computer,premium,78.54,78.54,high,low,9,namesilo,,,01/10/2026 22:07
f5fff268-6642-4a97-aceb-3d21c28cbe07,collected.computer,available,22.48,48.98,high,low,9,namecheap,,,12/08/2026 17:00
fd21193e-cebc-4ed6-96c6-8a3fca47407b,redberry.computer,available,23.99,38.99,medium,low,8,namesilo,,,17/09/2026 04:20
1b892c3f-3ecb-44de-8a95-7fa605099ed3,eyrie.computer,available,22.48,48.98,high,low,5,namecheap,,,
22edb5eb-705d-4d2e-ba30-b06e52a87879,maverick.computer,available,22.48,48.98,high,low,8,namecheap,,,24/08/2026 17:42
2923f880-dbbb-47f6-95d0-c09a7de9eb89,commence.computer,available,23.99,38.99,high,low,8,namesilo,,,23/09/2026 02:22
197bbc72-59e6-419b-a081-2e2e586d07b6,prehistoric.computer,available,17.8,31.25,medium,low,11,spaceship,,,29/09/2026 03:08
41833173-358a-481c-bfeb-3c643bdd44cf,armful.computer,available,23.99,38.99,medium,low,6,namesilo,,,20/09/2026 06:50
ee3954f7-7698-4637-9be8-9273f2886255,healthily.computer,available,22.48,48.98,medium,low,9,namecheap,,,14/09/2026 23:15
fbc1c65f-92fc-4b31-81c7-d6dc160c150d,alternatives.computer,available,22.48,48.98,medium,low,12,namecheap,,,19/09/2026 21:34
b35ec2d5-29ba-4405-83e6-db610ff8a4b4,revolves.computer,available,18.02,31.41,medium,low,8,porkbun,,,02/10/2026 03:02
a9776455-4742-4c4e-91b8-504b1846e739,pie.computer,available,23.99,38.99,high,low,3,namesilo,,,25/09/2026 09:59
267163e8-0140-4919-89d0-bc2838dd8c15,oleaceous.computer,available,22.48,48.98,medium,low,9,namecheap,,,04/09/2026 02:06
ed3082af-0b88-4e25-8482-51cee4e5c8eb,weil.computer,available,22.48,48.98,medium,low,4,namecheap,,,19/09/2026 04:20
cf9a3dfd-21d6-4745-9d0b-f1f7d3d69fdd,alumnus.computer,available,22.48,48.98,high,low,7,namecheap,,,20/08/2026 17:42
eb185a83-6299-4523-a0a4-b097bc3d5bcc,locust.computer,available,17.8,31.25,medium,low,6,spaceship,,,30/09/2026 17:55
ddd2bab2-899f-42a6-8037-2ff899602a83,bellman.computer,available,23.99,38.99,medium,low,7,namesilo,,,23/09/2026 06:01
445f6c3a-b933-4de5-a835-edd1a8b1998d,conspiracy.computer,available,30.2,30.2,high,low,10,cloudflare,,,29/09/2026 11:13
45bc2c4c-3367-4590-9bae-d8005fd8aa69,gangs.computer,available,17.8,31.25,low,low,5,spaceship,,,28/09/2026 13:19
63760a85-49a3-413d-b7b8-6dd3f0882607,fifties.computer,available,23.99,38.99,high,low,7,namesilo,,,16/09/2026 12:10
eed5b8c2-31ba-4b63-90f3-322299f846c6,hdl.computer,available,23.99,38.99,high,low,3,namesilo,,,18/09/2026 13:33
9111dd07-14b7-4c14-9bf5-0d0da805719a,personally.computer,available,23.99,38.99,medium,low,10,namesilo,,,28/09/2026 15:35
5cbe5905-ebe2-4f2a-949f-b1367a3e7b29,donna.computer,premium,68.51,68.51,high,low,5,spaceship,,,01/10/2026 01:47
45032ba3-b7fe-4fe7-be2a-a537c712a54c,highschool.computer,available,17.8,31.25,high,low,10,spaceship,,,29/09/2026 22:46
e117ce1d-3d65-4719-b9b8-a9c2e4b76360,submerged.computer,available,22.48,48.98,medium,low,9,namecheap,,,10/09/2026 23:30
82637c37-5402-4bdb-a4ad-326bad083fa3,dart.computer,available,22.48,48.98,high,low,4,namecheap,,,18/08/2026 07:49
6a7cb3c2-d534-46fb-9f23-ae102b335405,riverdale.computer,available,18.41,32.21,high,low,9,dynadot,,,30/09/2026 05:42
00744623-c16f-4f23-a551-e916ebb4668d,florentine.computer,available,22.48,48.98,high,low,10,namecheap,,,18/08/2026 08:58
7c318fc3-05b5-4aaa-9c4d-065ef85d44eb,boney.computer,available,22.48,48.98,medium,low,5,namecheap,,,10/08/2026 18:44
0b499f11-084e-4475-9b2a-75eaf19b30de,alhazen.computer,available,23.99,38.99,medium,low,7,namesilo,,,18/09/2026 00:42
a75bdcd7-42aa-4472-9248-d5fd96c96515,caloric.computer,available,22.48,48.98,medium,low,7,namecheap,,,11/08/2026 15:07
daa339d3-584d-438d-97e4-2342e6bf07c8,passengers.computer,available,23.99,38.99,medium,low,10,namesilo,,,27/09/2026 02:28
74418c22-d4d7-445c-9caf-bb4b44867030,heavenward.computer,available,22.48,48.98,medium,low,10,namecheap,,,21/08/2026 02:31
7a908798-2b18-4d67-92c6-d7c7fdf7f48e,dress.computer,available,23.99,38.99,high,low,5,namesilo,,,24/09/2026 12:08
abb1db8f-133c-4b75-9fee-49a1333cdffd,quartz.computer,available,22.5,,high,low,6,unstoppable,,,30/09/2026 10:24
8ddb1604-f500-4f1c-b0f8-06709bb51ddd,adenine.computer,available,23.99,38.99,medium,low,7,namesilo,,,17/09/2026 07:24
bd71b1c5-15b9-415f-a24d-a24bc91cb53d,polling.computer,available,23.99,38.99,high,low,7,namesilo,,,01/10/2026 15:51
3001cc10-f56f-45f0-8b27-18559320d162,kings.computer,available,22.48,48.98,high,low,5,namecheap,,,27/09/2026 07:24
804d4857-32c7-43e9-ac92-3a26a89e2ab8,fathomable.computer,available,22.48,48.98,medium,low,10,namecheap,,,17/08/2026 23:40
27bd0f93-5297-4997-829e-cddfbedcbd39,dong.computer,available,23.99,38.99,medium,low,4,namesilo,,,28/09/2026 14:32
9e76713f-a6ae-4c44-82f3-dec7f84127d6,respective.computer,available,18.41,32.21,medium,low,10,dynadot,,,30/09/2026 14:27
684c642b-7138-465e-ac80-c2c72a6b21eb,ibsen.computer,available,23.99,38.99,high,low,5,namesilo,,,29/09/2026 13:02
a01fa05b-b349-4048-b559-48879d74cbe7,captivity.computer,available,18.02,31.41,medium,low,9,porkbun,,,29/09/2026 11:51
da304f0b-1fea-4acd-8478-7edd68b40234,harmonized.computer,available,22.48,48.98,high,low,10,namecheap,,,12/08/2026 22:50
11df9b30-fd53-4070-a0d3-ef51a06ca5bc,granddaughter.computer,available,22.48,48.98,high,low,13,namecheap,,,30/09/2026 22:09
c9eb4dcc-ce02-4593-8ba9-393609da0c99,slender.computer,available,22.48,48.98,high,low,7,namecheap,,,24/08/2026 01:14
8609a61e-2c76-437b-be07-6bf17a5f1dca,autoloader.computer,available,23.99,38.99,medium,low,10,namesilo,,,21/09/2026 06:48
3f63ec79-db7b-4b0c-9f71-b18a7adedef5,emmanuel.computer,available,23.99,38.99,medium,low,8,namesilo,,,27/09/2026 03:07
4dac778a-d7f9-4b48-97ae-14c8c96e92a2,ceylonese.computer,available,22.48,48.98,high,low,9,namecheap,,,12/08/2026 01:10
4f85b42a-3c4f-4ba1-b4c9-f79df346a37e,chalkboards.computer,available,23.99,38.99,low,low,11,namesilo,,,19/09/2026 23:25
84180a13-c09e-47c7-918f-6349fd4721c9,parade.computer,available,22.48,48.98,high,low,6,namecheap,,,25/09/2026 09:47
01989140-8e0c-41c8-94f8-88e78ce587b0,deadpan.computer,available,33.99,50.99,medium,low,7,name.com,,,13/08/2026 19:37
50c351fd-cb23-4d2f-bc13-95cd166677cf,unpressed.computer,available,22.48,48.98,low,low,9,namecheap,,,12/09/2026 17:24
816eb307-ea6d-4686-9dae-f6a3213bf5b9,hobble.computer,available,22.48,48.98,medium,low,6,namecheap,,,23/08/2026 13:26
d1b98259-1440-4368-9bbb-c762c2bfda56,sponsor.computer,available,22.48,48.98,high,low,7,namecheap,,,18/08/2026 15:15
dca7acd1-bb37-4506-86a4-ba9031e4992f,snappy.computer,available,22.48,48.98,high,low,6,namecheap,,,11/08/2026 04:32
4c50a428-60ee-4609-b023-a0418be9f8f2,suggesting.computer,available,17.8,31.25,high,low,10,spaceship,,,27/09/2026 17:56
e08a7f14-31fb-4b46-91ce-d304f61fa7cd,deific.computer,available,22.48,48.98,medium,low,6,namecheap,,,14/08/2026 00:13
3c646b1e-6709-445a-b351-aa76cbab761d,metres.computer,available,22.48,48.98,medium,low,6,namecheap,,,29/09/2026 23:41
e2e4863f-bc7a-433c-88f2-ebc146741890,traceable.computer,available,22.48,48.98,high,low,9,namecheap,,,11/09/2026 18:33
3d57f2d9-7881-4f46-9063-dc08dbbe8d7e,adamson.computer,available,17.8,31.25,medium,low,7,spaceship,,,28/09/2026 17:25
354b6a11-db43-4d24-80b3-0d514e9c7868,axil.computer,available,23.99,38.99,high,low,4,namesilo,,,21/09/2026 10:22
80f44e62-e810-486b-9250-f31f77f07ab2,amusive.computer,available,22.48,48.98,medium,low,7,namecheap,,,
3ebaf6b2-4681-4bf7-9d87-c309495747b3,batis.computer,available,22.48,48.98,medium,low,5,namecheap,,,22/09/2026 14:03
d961923e-637f-4930-b431-cc7af38adec5,intune.computer,available,23.99,38.99,high,low,7,namesilo,,,17/09/2026 12:54
0484752d-07f2-442e-90a7-f2a133786ca8,initials.computer,available,17.8,31.25,medium,low,8,spaceship,,,28/09/2026 08:37
a86f46e8-f866-4f72-a1b1-7a88b36556fc,inviting.computer,available,23.99,38.99,high,low,8,namesilo,,,25/09/2026 11:14
6d7f86bb-45e0-49ef-a27b-96524e2c1694,examination.computer,available,18.02,31.41,high,low,11,porkbun,,,27/09/2026 21:26
943c59b2-9173-4134-9f95-fc7936b1d70f,avaram.computer,available,23.99,38.99,medium,low,6,namesilo,,,21/09/2026 08:40
9a0ef721-9bbe-4f60-a82b-d7b52ca32867,acinous.computer,available,22.48,48.98,medium,low,7,namecheap,,,
4d9129a9-c670-4a3e-89b8-b806811e5a99,synoptical.computer,available,22.48,48.98,medium,low,10,namecheap,,,11/09/2026 06:35
8a5493d9-b79a-4fc7-9ca9-6dfd59afbb25,centers.computer,available,17.8,31.25,medium,low,7,spaceship,,,29/09/2026 05:16
45b04098-d2d6-40fe-a756-53ca9ed3d5ea,poll.computer,available,22.5,,high,low,4,unstoppable,,,29/09/2026 06:42
fc292c2a-a7f0-47fa-b38f-4aedbe284750,fusty.computer,available,22.48,48.98,low,low,5,namecheap,,,18/08/2026 16:42
c3b40f96-8272-419c-a539-f9a7c4d895ce,grandchild.computer,available,22.5,,high,low,10,unstoppable,,,29/09/2026 21:23
18a6e180-2996-4043-9284-ff184befd530,filtering.computer,available,30.2,30.2,high,low,9,cloudflare,,,30/09/2026 23:23
1bbc0d54-8940-4c9f-aa0e-4efdff11c7a0,empires.computer,available,18.41,32.21,medium,low,7,dynadot,,,01/10/2026 17:53
b347c131-60f3-4c13-8b71-d6bddb6c260b,smallish.computer,available,22.48,48.98,medium,low,8,namecheap,,,10/09/2026 11:46
559395e3-697c-400e-b3b7-17cd231e99e1,snp.computer,available,30.2,30.2,high,low,3,cloudflare,,,29/09/2026 20:21
0bb27794-7470-4655-94db-0533165aac88,mayhap.computer,available,22.48,48.98,medium,low,6,namecheap,,,15/09/2026 13:45
7fd716e8-cd0b-4fd3-afd7-4f2b2a79b113,disrepute.computer,available,23.99,38.99,medium,low,9,namesilo,,,24/09/2026 22:34
7e3102e7-c664-4935-9365-e1c8963039f4,require.computer,available,17.8,31.25,high,low,7,spaceship,,,30/09/2026 05:27
3677f37d-88a6-4b1b-9fd0-b28c02a437b2,corregidor.computer,available,23.99,38.99,medium,low,10,namesilo,,,22/09/2026 13:13
64c4061c-ab36-4577-9bd7-86c6dec7e79a,unerasable.computer,available,22.48,48.98,high,low,10,namecheap,,,22/08/2026 02:39
9f67c1bd-1006-4bf4-b3ac-46153ddf99b0,noncurrent.computer,available,22.48,48.98,medium,low,10,namecheap,,,03/09/2026 19:01
55aae6e1-a648-4df6-bc84-4b90db666f4a,eighteen.computer,available,23.99,38.99,high,low,8,namesilo,,,21/09/2026 11:58
2110978d-796e-461b-afe1-34d95a10c287,bearish.computer,available,22.48,48.98,medium,low,7,namecheap,,,09/08/2026 04:48
b11e68da-ffbe-4452-bfd8-1d0f86399ca3,sweater.computer,available,30.2,30.2,high,low,7,cloudflare,,,28/09/2026 06:35
8d6f4512-206a-4a22-b5f9-7a8ca195e72a,winner.computer,available,22.48,48.98,high,low,6,namecheap,,,28/09/2026 17:49
74aac366-1316-4131-a7a8-72bb785a1163,ounces.computer,available,22.48,48.98,medium,low,6,namecheap,,,16/09/2026 11:16
397e4359-1857-4770-b796-31fed15ef1ac,packer.computer,available,23.99,38.99,high,low,6,namesilo,,,21/09/2026 15:45
a2a171d4-eac1-45dd-9df1-9167cee05edc,squalid.computer,available,22.48,48.98,medium,low,7,namecheap,,,10/09/2026 14:31
2fcc8fdc-5325-4805-aefb-00da1f99347d,lipoma.computer,available,23.99,38.99,medium,low,6,namesilo,,,17/09/2026 08:18
a55b6bc5-69d1-469f-a217-50d4d04c87d5,sedate.computer,available,22.48,48.98,high,low,6,namecheap,,,20/08/2026 18:40
51475209-b3dc-478e-9b24-337791bcfe37,unsent.computer,available,22.48,48.98,medium,low,6,namecheap,,,12/09/2026 19:18
60630fc2-e736-4d1a-80cf-3d9cd506cf5c,auf.computer,available,17.8,31.25,high,low,3,spaceship,,,30/09/2026 19:17
a562b648-5c38-41fe-be8f-423ac7f9a7a7,watkins.computer,available,23.99,38.99,high,low,7,namesilo,,,25/09/2026 15:58
2c1a8edd-1e87-4d45-aa23-5237ab569777,germaine.computer,available,22.5,,medium,low,8,unstoppable,,,01/10/2026 08:33
c3589383-3d24-4290-8cda-fba0cebac3d5,exalt.computer,available,22.48,48.98,high,low,5,namecheap,,,
820d6c4c-35aa-4146-99fe-8b847c5a5f61,reprieve.computer,available,23.99,38.99,high,low,8,namesilo,,,16/09/2026 14:08
6003249e-57e0-4c11-9712-e2e234e21106,robespierre.computer,available,18.41,32.21,medium,low,11,dynadot,,,30/09/2026 21:25
326704a4-af81-4981-9394-6ef6a5341135,etiology.computer,available,23.99,38.99,medium,low,8,namesilo,,,17/09/2026 13:48
7cbe7b2e-816c-4f5c-8a8a-9caca3e6cc0d,tawny.computer,available,22.48,48.98,high,low,5,namecheap,,,11/09/2026 09:19
d876f27e-9031-4525-acdb-209918d8a32b,illyrian.computer,available,17.8,31.25,medium,low,8,spaceship,,,02/10/2026 05:23
83871167-eece-4d58-a923-438363dbf1eb,altruism.computer,available,22.5,,high,low,8,unstoppable,,,28/09/2026 20:45
1f46b318-a758-444a-89c8-123e9a5e21b2,speedily.computer,available,22.48,48.98,high,low,8,namecheap,,,13/09/2026 20:19
9fe746ec-c8f5-4496-877f-eb74b9f5fdc0,drumhead.computer,available,22.48,48.98,medium,low,8,namecheap,,,14/08/2026 20:15
96876edd-89ab-4e41-95df-d88371801fb5,binding.computer,available,22.48,48.98,high,low,7,namecheap,,,22/09/2026 20:51
b1d05993-66e2-49cc-a135-c79bfc69052b,dollarfish.computer,available,22.48,48.98,medium,low,10,namecheap,,,20/09/2026 21:42
bb44309b-1589-4b08-a555-3201327c1c58,mandelbrot.computer,available,23.99,38.99,medium,low,10,namesilo,,,23/09/2026 08:35
cd9ad6d6-2afd-4324-903a-234999cf3a57,scorched.computer,available,22.48,48.98,medium,low,8,namecheap,,,
ef377659-431d-4e9d-ba51-00b0e14aba53,placate.computer,available,22.48,48.98,high,low,7,namecheap,,,18/08/2026 22:12
38268b3a-3be1-4d00-ad31-6d6dae4078c6,squadron.computer,available,17.8,31.25,high,low,8,spaceship,,,29/09/2026 08:06
c7b4e43e-44ef-4c76-b32a-3e87fb2cba47,yards.computer,available,18.02,31.41,high,low,5,porkbun,,,29/09/2026 08:47
2e3a42ac-54d7-445f-b781-4bc4983f71e3,pigweed.computer,available,22.48,48.98,medium,low,7,namecheap,,,18/09/2026 15:54
d64de31d-db3e-432b-bc23-55d2352b54ea,octet.computer,available,22.48,48.98,high,low,5,namecheap,,,
64ab2341-0227-4a41-b801-98325bacb308,prudent.computer,available,23.99,38.99,high,low,7,namesilo,,,27/09/2026 07:54
fc9a5c5b-05a7-47f7-ab1c-af9d1d458bf1,anorgasmia.computer,available,23.99,38.99,medium,low,10,namesilo,,,19/09/2026 11:47
c9ae407a-8603-482c-9fe4-9c575ed47ba3,nominees.computer,available,23.99,38.99,medium,low,8,namesilo,,,30/09/2026 16:22
8d58e332-4275-441c-a55e-ece583bd364a,decolour.computer,available,22.48,48.98,medium,low,8,namecheap,,,24/09/2026 05:11
cc989ba7-e19a-422a-82f6-9dbb37cdfda4,vet.computer,resell,,,high,low,3,"GoDaddy.com, LLC",27/06/2016 04:08,27/06/2027 04:08,26/09/2026 09:58
c456bde5-9b9b-49e6-aec3-e100068b193c,deduction.computer,available,22.5,,high,low,9,unstoppable,,,30/09/2026 09:21
39b4e1c9-5af7-4321-87f4-b9f049dcf531,recovered.computer,available,22.48,48.98,high,low,9,namecheap,,,13/08/2026 11:06
da728362-8c3b-458e-9dce-0c3b7b32fd2a,atropine.computer,available,23.99,38.99,medium,low,8,namesilo,,,21/09/2026 01:00
4706c463-9571-4e24-83ff-01e395cca0bd,excites.computer,available,23.99,38.99,medium,low,7,namesilo,,,20/09/2026 13:19
b4aede34-48aa-4288-b2a4-f432d7736d7b,printed.computer,available,23.99,38.99,high,low,7,namesilo,,,27/09/2026 21:56
adb36f1f-4168-4655-aa4f-b984974cbe15,williamstown.computer,available,17.8,31.25,medium,low,12,spaceship,,,29/09/2026 22:48
a6eef53a-b754-4eeb-bc6a-8ec10eb624fd,footed.computer,available,22.48,48.98,medium,low,6,namecheap,,,18/08/2026 10:43
3c84e2de-e977-4768-932d-84b9cbef59b2,scruples.computer,available,23.99,38.99,high,low,8,namesilo,,,24/09/2026 17:26
12de8133-455e-4ea6-b024-835ab1f6201c,gumptious.computer,available,22.48,48.98,medium,low,9,namecheap,,,20/08/2026 20:57
7006cd00-f7f3-4309-9b39-16085142b2f0,residency.computer,available,22.5,,high,low,9,unstoppable,,,29/09/2026 07:59
22ce0c5b-d8ee-4a18-84d3-432b37ba2691,yoon.computer,available,23.99,38.99,high,low,4,namesilo,,,30/09/2026 12:42
e532581c-535b-4c26-99ee-665945abcd87,unaltered.computer,available,22.48,48.98,medium,low,9,namecheap,,,12/09/2026 00:30
eb6f0f7c-153e-45f9-ae2c-1b6187d3fc23,rodrigues.computer,available,30.2,30.2,medium,low,9,cloudflare,,,29/09/2026 04:31
0203260d-4b19-42f7-90d4-acc4e30a261e,font.computer,available,22.48,48.98,high,low,4,namecheap,,,22/09/2026 03:31
c60cbefa-ff9c-40ca-b32d-aef75ec2868b,whipped.computer,available,17.8,31.25,medium,low,7,spaceship,,,28/09/2026 21:21
de1e303a-a053-4478-8e4d-4224c169c8de,browning.computer,available,30.2,30.2,high,low,8,cloudflare,,,29/09/2026 11:47
30f393d2-216a-40d2-9c0c-b07e0a3edc80,maddening.computer,available,22.48,48.98,medium,low,9,namecheap,,,17/08/2026 15:55
da497862-7de0-4bf8-a7a2-30463fdbf9fa,originated.computer,available,23.99,38.99,medium,low,10,namesilo,,,29/09/2026 23:39
6e8eaecd-146b-4222-b7b3-f17531c6d568,creations.computer,available,23.99,38.99,medium,low,9,namesilo,,,01/10/2026 00:49
8832ddd2-90e3-4dfb-b53b-2a83d0853c73,oslo.computer,available,17.8,31.25,high,low,4,spaceship,,,29/09/2026 06:45
d481f2e2-ae7d-45fd-acfc-c2e7866d4b41,binful.computer,available,23.99,38.99,medium,low,6,namesilo,,,23/09/2026 17:14
63f56665-4436-4146-ac32-78f08c92293c,felonious.computer,available,22.48,48.98,medium,low,9,namecheap,,,18/08/2026 00:58
dae6a9b7-4756-4d26-b211-b63213fcb75f,scratches.computer,available,17.48,48.98,medium,low,9,namecheap,,,
2f8cf43e-4f27-451a-a16c-f309f8dccf1c,concerns.computer,available,22.48,48.98,medium,low,8,namecheap,,,27/09/2026 11:01
3813f71a-690a-4cd3-8473-b2d3ba8dc68d,airwoman.computer,available,23.99,38.99,medium,low,8,namesilo,,,17/09/2026 23:25
fa8baa98-9b54-41e8-9975-0e42a139de43,discovering.computer,available,30.2,30.2,medium,low,11,cloudflare,,,29/09/2026 10:28
06d12478-53ba-448c-9235-0f938df640f1,lxv.computer,available,22.48,48.98,medium,low,3,namecheap,,,
f14159c4-6e10-4978-9300-06c1992cfd9f,achilles.computer,available,23.99,38.99,high,low,8,namesilo,,,17/09/2026 00:40
fa2f7829-935d-43b3-b8fa-d3437803866d,amd.computer,premium,78.54,78.54,high,low,3,namesilo,,,17/09/2026 16:44
370d45cd-8ed9-4c39-ae3f-f9be7dac5570,aniseed.computer,available,23.99,38.99,high,low,7,namesilo,,,19/09/2026 09:27
b610c2b5-4cb3-4611-86ab-5849bb5a56fa,willingness.computer,available,29.99,,high,low,11,name.com,,,
57ac5338-3fe8-4be0-8fda-b6af54c962ce,taoist.computer,available,22.48,48.98,high,low,6,namecheap,,,11/09/2026 08:11
3f388ad6-2d84-4be6-af97-4cf1a8b56e5d,shawn.computer,available,17.8,31.25,high,low,5,spaceship,,,27/09/2026 15:48
a6506456-53ad-4975-8467-4a6ae695026a,bangladeshi.computer,available,23.99,38.99,high,low,11,namesilo,,,30/09/2026 03:22
bf971b29-cdfc-4e76-84f0-a72ec6fc2399,coordination.computer,available,23.99,38.99,high,low,12,namesilo,,,01/10/2026 16:03
da1e973d-04d8-4de4-ac45-9ec46a0fe604,import.computer,available,22.48,48.98,high,low,6,namecheap,,,25/09/2026 18:33
a590e742-da7f-41cf-8564-26fe9912325e,warhol.computer,available,23.99,38.99,high,low,6,namesilo,,,19/09/2026 05:06
74efdf41-bc66-4c5d-b4ab-e33d415bcd6e,ran.computer,premium,78.54,78.54,high,low,3,namesilo,,,25/09/2026 12:35
f67489d7-623e-46ba-938d-a01121be596b,tort.computer,available,23.99,38.99,medium,low,4,namesilo,,,24/09/2026 15:10
b652b74f-7ee3-4e85-bb2e-1ae4be1d51ff,terminator.computer,available,17.8,31.25,high,low,10,spaceship,,,01/10/2026 01:51
93f9b2f3-cd2a-4a35-9dd5-99b2e9e4f5b6,moron.computer,available,22.48,48.98,medium,low,5,namecheap,,,21/08/2026 20:28
28ed2eca-9e4f-4cc5-b4b5-9720e474aaf4,middlesex.computer,available,23.99,38.99,medium,low,9,namesilo,,,25/09/2026 13:32
321fac93-a006-48c0-9e08-01c4d9f2b16f,falsetto.computer,available,22.48,48.98,high,low,8,namecheap,,,17/08/2026 21:33
f045d590-9a24-4f06-b052-05c185c79188,kinds.computer,available,22.48,48.98,medium,low,5,namecheap,,,25/09/2026 19:57
5b452c66-b45f-4cf6-94e9-324ab8470251,kisses.computer,available,30.2,30.2,medium,low,6,cloudflare,,,28/09/2026 04:53
1d3a1ac3-5c90-4918-93b5-5bd90f9bd550,nah.computer,premium,68.51,68.51,high,low,3,spaceship,,,30/09/2026 11:32
a6ae72e3-d6b9-44b7-b343-62d1e54fb7fb,satisfying.computer,available,22.48,48.98,high,low,10,namecheap,,,12/08/2026 03:47
cbebe989-3275-4df9-b691-5d236d02b1e3,ratter.computer,available,22.48,48.98,low,low,6,namecheap,,,06/08/2026 04:00
e00a88f0-65e9-4db9-bb95-f6102e1dfc0f,fellows.computer,available,23.99,38.99,medium,low,7,namesilo,,,25/09/2026 13:03
8d3e9b7b-49bd-4e10-9a37-82010a80c000,cracker.computer,available,22.48,48.98,high,low,7,namecheap,,,24/09/2026 18:59
6d8b10db-7cd1-4d52-860e-1504fc759dd8,subsidized.computer,available,22.48,48.98,medium,low,10,namecheap,,,11/09/2026 00:46
c31bd72b-f4e1-4ad1-9332-aae8961309ad,bleak.computer,available,22.48,48.98,medium,low,5,namecheap,,,08/08/2026 21:02
96bd7ab7-2a30-4253-97ac-2c8a30956fb7,mileage.computer,available,18.02,31.41,high,low,7,porkbun,,,29/09/2026 12:25
e9d5fe42-8f92-46c1-b9ca-e1f26c313cc9,consensual.computer,available,22.48,48.98,high,low,10,namecheap,,,12/08/2026 22:31
6ad2679b-e516-4619-9956-081f06874d8a,exclusively.computer,available,23.99,38.99,medium,low,11,namesilo,,,01/10/2026 06:44
5074364a-d398-4c42-a1e7-29a46ee989ea,infertile.computer,available,22.48,48.98,medium,low,9,namecheap,,,22/08/2026 04:24
270f8fc8-b9da-44a9-9b5f-15bc7957b2c6,exhibiting.computer,available,22.48,48.98,medium,low,10,namecheap,,,02/10/2026 02:10
5bfd504f-2644-4002-aebb-a7ba0fbbff04,jussieu.computer,available,23.99,38.99,medium,low,7,namesilo,,,19/09/2026 15:24
c72311ab-6f5e-4feb-94fc-ebae63cfbc19,telescoped.computer,available,22.48,48.98,medium,low,10,namecheap,,,11/09/2026 10:22
c64d920b-f0a3-433b-a18c-ea10bd67bd0a,unprepared.computer,available,22.48,48.98,medium,low,10,namecheap,,,12/09/2026 17:22
edcaa3f5-a09a-4a7c-85cb-05e63a320011,submersed.computer,available,22.48,48.98,medium,low,9,namecheap,,,10/09/2026 23:32
2ddfb4ef-ab8c-4b1b-8b6f-4d879964280b,maidstone.computer,available,17.8,31.25,medium,low,9,spaceship,,,01/10/2026 08:27
d7f68d13-ca06-4464-9166-eee63cae82a6,equivocal.computer,available,22.48,48.98,medium,low,9,namecheap,,,
1a909b0c-43db-4b46-88e0-9ec4c1df7059,adjunct.computer,available,22.48,48.98,high,low,7,namecheap,,,
c7e8cff5-fddd-4956-bc6c-9a91d357fa55,unproven.computer,available,22.48,48.98,medium,low,8,namecheap,,,12/09/2026 17:33
d30617cd-2add-4627-b68b-0d52fcec57e5,sublimed.computer,available,22.48,48.98,medium,low,8,namecheap,,,11/09/2026 00:03
72ed1bf2-0abb-47ca-bf89-797f71327e6b,conquered.computer,available,17.8,31.25,medium,low,9,spaceship,,,28/09/2026 23:05
a0fab5ec-93da-4163-a153-dd9e8f7f842a,acipenser.computer,available,23.99,38.99,medium,low,9,namesilo,,,17/09/2026 01:47
c1a31983-db2e-4732-98de-c4dc4648d30c,esp.computer,available,23.99,38.99,high,low,3,namesilo,,,24/09/2026 15:12
2cda1539-3cdb-4036-8830-a864fdd06708,modeled.computer,available,22.48,48.98,medium,low,7,namecheap,,,25/08/2026 02:51
99d89c0a-3940-416a-857d-754e489b96ed,proclaiming.computer,available,17.8,31.25,high,low,11,spaceship,,,01/10/2026 23:56
55ed3f0c-0348-45d6-9bb0-02a238efa7b6,hotcake.computer,available,23.99,38.99,high,low,7,namesilo,,,22/09/2026 14:33
34a73062-e9ac-4530-898e-398ca9e70702,bifocals.computer,available,23.99,38.99,high,low,8,namesilo,,,23/09/2026 13:53
bcca2f1d-4239-486c-9d33-c1654e52664b,velvet.computer,available,30.2,30.2,high,low,6,cloudflare,,,28/09/2026 10:12
d5f5a40a-f1ae-414e-98be-b7acd0573ff6,operates.computer,available,23.99,38.99,medium,low,8,namesilo,,,29/09/2026 10:32
174bd2ea-4968-4864-9ad6-34c375410e83,wonders.computer,available,23.99,38.99,high,low,7,namesilo,,,18/09/2026 02:01
944387f0-3dbd-4ca5-b358-885da164467b,clack.computer,available,23.99,38.99,medium,low,5,namesilo,,,23/09/2026 23:30
4fe1bbd2-d830-4c1e-892e-bb16779c9f17,sweptwing.computer,available,22.48,48.98,medium,low,9,namecheap,,,11/09/2026 05:46
28f9de6b-3c93-432f-9bad-03f541d84cec,bait.computer,available,23.99,38.99,high,low,4,namesilo,,,21/09/2026 19:42
1e3113ca-0b27-4a5b-8f5c-82e30e45fbc6,wage.computer,available,23.99,38.99,high,low,4,namesilo,,,28/09/2026 10:40
e37a1086-f3f3-4464-bb17-3cb3e80e131b,humiliated.computer,available,22.48,48.98,medium,low,10,namecheap,,,21/08/2026 15:03
55f78bd3-2e52-404f-8957-fee809ebcafe,clyde.computer,available,23.99,38.99,high,low,5,namesilo,,,25/09/2026 04:17
2267dc5f-04c1-49a4-8da2-34c4b4b4a287,climactic.computer,available,22.48,48.98,high,low,9,namecheap,,,12/08/2026 10:55
42dda491-2c34-452b-bd0d-d7b139b8c046,fuddled.computer,available,22.48,48.98,low,low,7,namecheap,,,09/08/2026 15:36
74a7cf6d-8461-431a-a2be-ed3b6b36dd3c,blames.computer,available,30.2,30.2,low,low,6,cloudflare,,,01/10/2026 00:32
ad99cee3-c36f-48a4-9c00-13edf571cd67,deposited.computer,available,22.48,48.98,medium,low,9,namecheap,,,29/09/2026 23:53
d2e0da8e-dbe1-4cc7-94dd-b05a2356e05d,curtly.computer,available,22.48,48.98,medium,low,6,namecheap,,,14/09/2026 10:10
7d4909b2-a058-4d3b-a8c9-d44eb759ccc0,profuse.computer,available,22.48,48.98,high,low,7,namecheap,,,24/08/2026 11:47
55c24393-a6dc-45a6-afcb-95d27eddc09b,vaporous.computer,available,22.48,48.98,medium,low,8,namecheap,,,12/08/2026 14:34
6444e5e4-559a-44d5-8312-abb2eaef5a6a,parke.computer,available,22.48,48.98,medium,low,5,namecheap,,,28/09/2026 22:16
fe04b813-e1be-41d6-b237-c64c06a95d39,wedge.computer,available,30.2,30.2,medium,low,5,cloudflare,,,28/09/2026 13:53
dbcb3848-7401-4ebf-9e65-1fc70bfd5f98,staircase.computer,available,17.8,31.25,medium,low,9,spaceship,,,28/09/2026 20:32
7e2515ff-7e15-4174-9cb7-a5e362be72c0,aqaba.computer,available,22.48,48.98,medium,low,5,namecheap,,,17/09/2026 23:49
cb127c36-96ea-47d4-8c11-7a0ab17c9644,lenox.computer,available,18.02,31.41,medium,low,5,porkbun,,,28/09/2026 22:22
2645bb7b-7898-40f9-8345-59e17c6c0529,courting.computer,available,23.99,38.99,high,low,8,namesilo,,,30/09/2026 09:16
c55cb976-658e-4fde-a104-659283ef92a9,antecedent.computer,available,22.48,48.98,high,low,10,namecheap,,,
b1035214-f916-433e-b6d4-15420262e972,believes.computer,available,23.99,38.99,medium,low,8,namesilo,,,19/09/2026 19:41
ec5965da-ac26-4644-8b9a-49b7908d97fa,chiefs.computer,available,23.99,38.99,medium,low,6,namesilo,,,18/09/2026 03:19
edd17958-e0c1-4ce7-930a-b8a2024a3098,reconstructed.computer,available,22.5,,medium,low,13,unstoppable,,,30/09/2026 22:29
f6bdaeab-af8d-4440-8141-7c516c40aafd,caves.computer,available,30.2,30.2,medium,low,5,cloudflare,,,28/09/2026 13:19
287eff3e-5973-4b56-9082-2f9bf9d77af7,janice.computer,available,30.2,30.2,high,low,6,cloudflare,,,27/09/2026 19:53
ab93fdba-daa3-41c0-9454-2da2fe97a89f,thrilled.computer,available,22.48,48.98,high,low,8,namecheap,,,11/09/2026 14:36
945392d4-7b13-470a-a210-a5525ba7d7a6,unthought.computer,available,22.48,48.98,medium,low,9,namecheap,,,12/09/2026 12:35
57ebbff6-a0bc-4c4d-955b-2ba2f1f88fa2,carte.computer,available,23.99,38.99,medium,low,5,namesilo,,,23/09/2026 16:04
5c5c88f4-2d50-4d27-91f9-0cd32c432fd9,mayne.computer,available,18.41,32.21,high,low,5,dynadot,,,01/10/2026 07:26
fcb5cafb-43ba-416b-b346-aa7771aa8ecb,akee.computer,available,23.99,38.99,medium,low,4,namesilo,,,17/09/2026 01:56
ece57c49-39e7-44c2-9fa6-7c6ca262d5f7,devotes.computer,available,22.48,48.98,medium,low,7,namecheap,,,20/09/2026 02:04
f7e34356-36ed-490b-ab02-f63ec547f1fa,lxiii.computer,available,22.48,48.98,medium,low,5,namecheap,,,
c8f3a7b6-d12d-49a5-8c33-619a8172e949,caruso.computer,available,30.2,30.2,medium,low,6,cloudflare,,,30/09/2026 01:00
f0ee8fff-9ee8-416b-b127-243763482923,unconfused.computer,available,22.48,48.98,medium,low,10,namecheap,,,12/09/2026 01:27
53c772fd-6015-4b12-b13d-6c12baf19a62,modernized.computer,available,23.99,38.99,high,low,10,namesilo,,,19/09/2026 17:17
4098ce9c-c171-4a7b-be75-b7f85f166549,earns.computer,available,17.8,31.25,medium,low,5,spaceship,,,01/10/2026 18:15
000d3128-5de7-4679-ba52-e97780015e50,slyly.computer,available,22.48,48.98,medium,low,5,namecheap,,,14/09/2026 09:08
c8535a2f-a516-4a3e-860c-b03659d91c74,curium.computer,available,23.99,38.99,medium,low,6,namesilo,,,21/09/2026 00:13
ccaba97d-b16a-4e52-aa5e-0531abb5820f,actuation.computer,available,23.99,38.99,medium,low,9,namesilo,,,17/09/2026 05:23
f0ff4b21-817b-4991-9552-d08edb7b2ee2,musts.computer,available,23.99,38.99,medium,low,5,namesilo,,,19/09/2026 21:45
37dec231-5ed8-418b-b675-24ae0ed94536,categorial.computer,available,22.48,48.98,medium,low,10,namecheap,,,11/08/2026 21:27
a48c2589-696e-4407-b998-fc5280df0637,turkestan.computer,available,22.5,,medium,low,9,unstoppable,,,30/09/2026 03:05
d30b8ebc-a6c3-4f84-820f-cf9873d99585,maintains.computer,available,17.8,31.25,high,low,9,spaceship,,,30/09/2026 07:23
6506bfbb-f744-4d68-ae03-4bea987ada12,hmm.computer,available,17.8,31.25,high,low,3,spaceship,,,01/10/2026 04:54
643866d0-38de-4980-a543-a69e1f001f32,than.computer,available,23.99,38.99,high,low,4,namesilo,,,30/09/2026 23:17
c092a837-49f4-4a2e-9d62-16541704bd1c,severely.computer,available,22.48,48.98,medium,low,8,namecheap,,,28/09/2026 13:15
a9ffa57a-79ee-4344-93a5-d9cdc395d791,handed.computer,available,22.48,48.98,medium,low,6,namecheap,,,20/08/2026 23:25
0795b656-d9a6-473b-9723-c134ba36d3d7,banner.computer,available,22.48,48.98,high,low,6,namecheap,,,08/08/2026 13:53
ee1a4cf7-21bb-4664-9500-46d1f2cc6f20,snowfall.computer,available,30.2,30.2,high,low,8,cloudflare,,,01/10/2026 21:44
84ff6232-d939-4912-88b5-94e7c59da90a,prisons.computer,available,18.02,31.41,medium,low,7,porkbun,,,29/09/2026 11:25
541559f2-248d-497e-b664-8072b914eeb6,retiring.computer,available,18.41,32.21,high,low,8,dynadot,,,27/09/2026 13:20
ec4c3199-6f2d-40da-b969-3b040b2847ee,graduating.computer,available,22.5,,low,low,10,unstoppable,,,28/09/2026 12:36
ea5da441-bf0c-4b10-867c-2a8d598f8d88,specializing.computer,available,23.99,38.99,medium,low,12,namesilo,,,20/09/2026 06:01
64165d78-5264-4725-8dd0-9df4e0ae3ac5,agathis.computer,available,23.99,38.99,medium,low,7,namesilo,,,17/09/2026 16:31
1c7ed54b-75c4-46fe-8041-919d3e32f478,pretoria.computer,available,23.99,38.99,high,low,8,namesilo,,,29/09/2026 06:55
371bd372-d694-4875-8d04-2362a3c4f616,citizenship.computer,available,29.99,,high,low,11,name.com,,,
2ef75af9-29be-4c0d-aecd-953d026ddbf1,behest.computer,available,22.48,48.98,high,low,6,namecheap,,,23/09/2026 03:29
7585e8ea-2835-40e2-b9bc-19e71df36eae,drank.computer,available,17.8,31.25,high,low,5,spaceship,,,28/09/2026 08:20
cf2f965a-4577-427a-a3dc-a22e94cd6245,culpable.computer,available,22.48,48.98,medium,low,8,namecheap,,,10/08/2026 12:34
c091c784-5cbd-4a86-9312-64048b0282a0,pitiful.computer,available,22.48,48.98,medium,low,7,namecheap,,,14/08/2026 02:27
0d108d1f-290a-4c1d-8304-0d09b90acf53,lease.computer,premium,78.54,78.54,high,low,5,namesilo,,,09/09/2026 14:19
866af582-632d-47e8-ae35-8662408cecbe,francis.computer,available,23.99,38.99,high,low,7,namesilo,,,25/09/2026 13:36
30fd5ac1-22e4-42b7-948b-d0eb0e45d6f7,unashamed.computer,available,22.48,48.98,medium,low,9,namecheap,,,12/09/2026 01:08
a22300ca-eeac-4602-b38f-f97f6fe373a8,hath.computer,available,17.8,31.25,medium,low,4,spaceship,,,01/10/2026 14:19
af741b9e-8ba6-48ad-80bc-51282b427318,shambles.computer,available,23.99,38.99,medium,low,8,namesilo,,,16/09/2026 14:17
6eed1706-89d8-48af-a8af-3d96ffa3ca10,phonemic.computer,available,22.48,48.98,medium,low,8,namecheap,,,08/09/2026 19:02
e5859ba5-27e6-4292-ba2f-a92291d79a82,demonic.computer,available,22.48,48.98,medium,low,7,namecheap,,,14/08/2026 01:26
39233f6f-f8e8-4362-9f88-72899cbb07d7,tremendously.computer,available,22.48,48.98,medium,low,12,namecheap,,,30/09/2026 19:57
e264c7ce-61f3-40ac-90fe-9f0206b9b679,refuges.computer,available,23.99,38.99,medium,low,7,namesilo,,,30/09/2026 00:19
543fa799-6cc4-4688-9d20-42e40ce4c4a7,geeks.computer,premium,85.8,85.8,high,low,5,namecheap,,,17/09/2026 16:02
946090d0-dab3-4a7b-bcfd-4aa3bcbdf4a0,vital.computer,available,22.48,48.98,high,low,5,namecheap,,,18/08/2026 18:16
021bbd0d-bb5b-4394-9d54-cc0729d899af,propitious.computer,available,22.48,48.98,high,low,10,namecheap,,,09/09/2026 03:38
76eaf446-e065-4a01-9190-125d36e026e1,oregon.computer,premium,68.51,68.51,high,low,6,spaceship,,,29/09/2026 01:45
1dd0dfd0-0669-4397-ad89-d2365d74c81f,furious.computer,available,22.48,48.98,high,low,7,namecheap,,,
5fb45a18-38da-43f9-acde-ad6531e33670,eulogy.computer,available,22.48,48.98,high,low,6,namecheap,,,05/09/2026 00:43
b5b2c45f-ba7c-498c-8d41-fbbf0044cf95,offenders.computer,available,22.48,48.98,low,low,9,namecheap,,,29/09/2026 05:55
737ef434-97ae-415c-b712-0a8fd73963b5,chewable.computer,available,22.48,48.98,medium,low,8,namecheap,,,12/08/2026 04:28
7bd30d6c-e8d4-4a76-bed1-e51566a582cf,susie.computer,available,23.99,38.99,medium,low,5,namesilo,,,28/09/2026 16:25
b51067dc-5a00-47a2-9329-0292ad007538,reticently.computer,available,22.48,48.98,medium,low,10,namecheap,,,15/09/2026 23:31
47805b90-bd7d-4f4f-ab8f-b5a18630e08b,centennial.computer,premium,78.54,78.54,high,low,10,namesilo,,,11/08/2026 23:53
f0e75629-0787-4209-8813-839a08077c73,graspable.computer,available,22.48,48.98,medium,low,9,namecheap,,,06/08/2026 08:18
db934859-826d-46c6-aff9-45345f49334a,rarely.computer,available,22.48,48.98,medium,low,6,namecheap,,,15/09/2026 22:32
5a64e3f7-cd61-4fec-85e2-2f2b0baea03c,scs.computer,premium,34.36,34.36,high,low,3,spaceship,,,30/09/2026 12:47
5744af89-86a6-48e0-ab16-ada17c65a913,locals.computer,available,22.5,,medium,low,6,unstoppable,,,28/09/2026 13:28
27e5fe99-4353-4cb6-b013-266eddfba977,drones.computer,available,30.2,30.2,medium,low,6,cloudflare,,,01/10/2026 17:53
fc190fcc-b901-4c56-9451-b41cd4d09b6e,alterable.computer,available,23.99,38.99,medium,low,9,namesilo,,,22/09/2026 02:18
34adc68b-0a43-44bc-b786-ae825db0ff4e,weakest.computer,available,29.99,,medium,low,7,name.com,,,
7b8eb438-78bc-4da8-8396-5ee33ee3565e,baldness.computer,available,23.99,38.99,medium,low,8,namesilo,,,21/09/2026 21:44
47c392ac-1a57-4571-bd76-ea83bca220e6,aldol.computer,available,23.99,38.99,high,low,5,namesilo,,,18/09/2026 04:25
d107a606-df3b-4aef-8f49-a79c8686c494,restrained.computer,available,22.48,48.98,medium,low,10,namecheap,,,20/08/2026 20:43
33705854-71ec-4e76-97f2-15a44600cb73,admits.computer,available,17.8,31.25,medium,low,6,spaceship,,,29/09/2026 10:40
60e6d394-9491-456b-8d3d-2d8a64e9b933,wilsonian.computer,available,22.48,48.98,medium,low,9,namecheap,,,13/09/2026 12:02
7ba59a1c-272e-4978-bed1-5aeaa0620738,und.computer,available,23.99,38.99,high,low,3,namesilo,,,25/09/2026 11:22
8380f30a-6a92-49a6-948e-e35fe6c8e8f5,rollercoaster.computer,available,29.99,,medium,low,14,name.com,,,
bf22983e-09ee-41ee-8391-3aa8f2f2d3b0,heartland.computer,available,17.8,31.25,high,low,9,spaceship,,,02/10/2026 05:11
296787c9-4e55-42f6-a549-763c7c03f593,malls.computer,available,22.48,48.98,medium,low,5,namecheap,,,01/10/2026 16:45
803a4f13-c388-4f0c-be45-648374d58db2,gloam.computer,available,22.48,48.98,medium,low,5,namecheap,,,11/09/2026 21:43
acc45638-1a0f-4565-8f27-95dd35609250,catclaw.computer,available,23.99,38.99,medium,low,7,namesilo,,,23/09/2026 23:59
4d9402fb-eb54-434e-a005-3e92e82254df,yoruba.computer,available,23.99,38.99,high,low,6,namesilo,,,18/09/2026 00:15
693686ee-7d9f-421c-9441-a2e3a34d2587,bully.computer,available,22.48,48.98,high,low,5,namecheap,,,08/08/2026 12:15
69b8a310-acac-4141-8705-68c472a11880,masterly.computer,available,22.48,48.98,high,low,8,namecheap,,,23/09/2026 21:40
f10cf03c-161a-42be-9e48-65fb9152b6e0,kristen.computer,available,23.99,38.99,high,low,7,namesilo,,,29/09/2026 09:38
7009c925-3bb4-428b-beb1-fa62414d9915,ibn.computer,available,22.48,48.98,medium,low,3,namecheap,,,25/09/2026 21:32
d55c81d7-ea91-4f40-80d2-af04e006e76f,esteem.computer,available,18.02,31.41,high,low,6,porkbun,,,28/09/2026 18:46
cf4059e9-f205-49a5-8cad-e459bdc37388,lottery.computer,available,18.41,32.21,high,low,7,dynadot,,,30/09/2026 03:22
aa21dd4f-76a7-49d5-83c2-6a26a28c9a88,realizes.computer,available,23.99,38.99,medium,low,8,namesilo,,,29/09/2026 05:59
1ede3323-7768-494c-ae3a-1b43f4caf7e4,spillover.computer,available,22.48,48.98,medium,low,10,namecheap,,,16/09/2026 17:36
b555eb6f-c807-45de-a8df-8762f35ebb98,wait.computer,available,22.48,48.98,high,low,4,namecheap,,,13/09/2026 07:44
b262c87c-a919-4ca8-adeb-7c83acbe4c46,bargain.computer,premium,78.54,78.54,high,low,7,namesilo,,,29/09/2026 01:09
abd4c35f-66f6-4677-b571-527166645cc8,twelve.computer,available,23.99,38.99,high,low,6,namesilo,,,21/09/2026 11:23
d43bef0a-b5f2-44c6-a3b4-dba8fff46697,examined.computer,available,23.99,38.99,medium,low,8,namesilo,,,28/09/2026 08:42
a1b0209e-8872-4d85-b0ff-093f86761682,petitioner.computer,available,22.48,48.98,medium,low,10,namecheap,,,11/09/2026 03:30
4423b4ee-3fff-4e2f-86bf-92fbfc509ffd,awry.computer,available,22.48,48.98,medium,low,4,namecheap,,,
6b52eab3-4a04-459e-8ddb-b0486f145784,overturned.computer,available,22.48,48.98,medium,low,10,namecheap,,,04/09/2026 21:55
1e628f07-4502-4a95-b7b5-b2127ee4c28e,aston.computer,available,17.8,31.25,high,low,5,spaceship,,,28/09/2026 07:29
a1c68061-783b-48bb-b0cc-3168cf632302,berkelium.computer,available,22.48,48.98,medium,low,9,namecheap,,,21/09/2026 00:14
33476541-5e73-488f-93c7-15240d8ea3b0,regulatory.computer,available,22.48,48.98,high,low,10,namecheap,,,09/09/2026 13:17
375a6654-390f-4aac-982b-090e60c91449,wearing.computer,available,22.48,48.98,medium,low,7,namecheap,,,11/09/2026 16:26
c4ce4896-7dc9-46dd-a89a-bb4e5bfac48b,fellowship.computer,available,17.8,31.25,high,low,10,spaceship,,,28/09/2026 09:26
e547600f-24ac-4658-bdee-00100a90719a,rabies.computer,available,18.02,31.41,medium,low,6,porkbun,,,29/09/2026 19:34
32b385d4-b78d-4038-a8c2-04c510623641,drear.computer,available,22.48,48.98,medium,low,5,namecheap,,,14/08/2026 11:45
7bc27a63-c1af-4e2b-a8bf-d6833b35c31e,immortality.computer,available,30.2,30.2,medium,low,11,cloudflare,,,29/09/2026 05:02
d93b97e2-7e70-4ab9-9575-cd9c0fe1e142,cheesecakes.computer,available,22.48,48.98,medium,low,11,namecheap,,,08/09/2026 07:37
3ddc18a8-7722-45fb-a0c9-5019e4ef7076,hostesses.computer,available,23.99,38.99,medium,low,9,namesilo,,,20/09/2026 07:50
c0f3bc07-74bb-47f2-ad60-e04f8d078d75,attenuate.computer,available,22.48,48.98,medium,low,9,namecheap,,,07/08/2026 15:21
5a54989f-b5e9-4034-ae22-dc3742c59e22,rubbery.computer,available,22.48,48.98,medium,low,7,namecheap,,,20/08/2026 20:09
771ae45d-7c0e-45bb-9fc8-95ac4f9d1ec4,concessions.computer,available,17.8,31.25,medium,low,11,spaceship,,,30/09/2026 23:40
fbb32ecd-32b4-47b8-952a-d773906be0df,refreshment.computer,available,23.99,38.99,high,low,11,namesilo,,,19/09/2026 14:11
ffa0ab64-d26f-4006-8680-28b0af0f5155,arpent.computer,available,23.99,38.99,medium,low,6,namesilo,,,20/09/2026 08:38
4a4e9198-67b0-4b14-b23d-c93375c4ee9d,suspense.computer,available,22.48,48.98,high,low,8,namecheap,,,30/09/2026 12:39
cd243f59-d749-4184-bf86-356824bf8899,shoddy.computer,available,22.48,48.98,medium,low,6,namecheap,,,12/08/2026 03:27
54787c60-c461-4113-8500-8a10784ec0b1,frontward.computer,available,22.48,48.98,medium,low,9,namecheap,,,18/08/2026 12:50
bba477b5-ecbd-4702-acb8-3117515b98b3,firebug.computer,available,22.48,48.98,medium,low,7,namecheap,,,22/08/2026 00:57
a6005725-7379-4a96-b481-59e6a2e56d23,bleed.computer,available,23.99,38.99,medium,low,5,namesilo,,,28/09/2026 14:26
b797d45f-3c7d-4014-9089-c8ccc0b4aabd,turkmen.computer,available,22.48,48.98,medium,low,7,namecheap,,,11/09/2026 21:19
7a65dedf-9564-43cc-934b-0e49a6c1b41c,resistances.computer,available,17.8,31.25,medium,low,11,spaceship,,,01/10/2026 00:39
b5e2e6bd-3460-481c-b18a-e3545433df28,mildness.computer,available,23.99,38.99,high,low,8,namesilo,,,24/09/2026 15:30
12187205-253b-4ef5-8964-d5412f237ca3,hayseed.computer,available,22.48,48.98,medium,low,7,namecheap,,,21/08/2026 08:05
e7a433f6-90ad-4203-af65-5e78eaf39493,ransom.computer,available,23.99,38.99,medium,low,6,namesilo,,,27/09/2026 05:07
6cf3bc22-cd14-4a5e-9e0c-4d623173310b,petalous.computer,available,22.48,48.98,medium,low,8,namecheap,,,08/09/2026 18:15
526dbf47-526c-45df-8df7-0b8388b31430,knavish.computer,available,22.48,48.98,medium,low,7,namecheap,,,13/08/2026 04:34
f3a89738-84ae-4891-b9ec-8b11180cd22f,malagasy.computer,available,17.8,31.25,medium,low,8,spaceship,,,29/09/2026 22:51
508cb0ef-d6cd-4794-8955-240e41a03e50,counts.computer,available,22.48,48.98,high,low,6,namecheap,,,18/09/2026 18:14
dee309a9-9ae4-400b-900a-44e63fd6347d,arched.computer,available,22.48,48.98,medium,low,6,namecheap,,,06/08/2026 14:34
c76caab9-8336-4d43-ae03-ec04756ea830,serving.computer,available,23.99,38.99,high,low,7,namesilo,,,25/09/2026 23:06
6abbd81d-9044-4c94-999b-ba4d177f5aa1,moonlit.computer,available,22.48,48.98,high,low,7,namecheap,,,25/08/2026 05:56
7d12eb21-d2ff-4b09-a2a7-3693467dcb20,fazed.computer,available,22.48,48.98,medium,low,5,namecheap,,,10/08/2026 21:00
1c1f8bba-a28c-40f2-b00f-cd6376544f78,calling.computer,available,23.99,38.99,high,low,7,namesilo,,,24/09/2026 11:48
111d086a-97e6-4127-a8b8-827c81b7230e,begum.computer,available,22.48,48.98,medium,low,5,namecheap,,,23/09/2026 03:01
4573a8c8-58aa-4c2c-a5b0-ed22e82a2405,caswell.computer,available,30.2,30.2,high,low,7,cloudflare,,,30/09/2026 22:01
37b004d2-d6c1-427d-82f8-9287ed819e9a,accordingly.computer,available,18.41,32.21,medium,low,11,dynadot,,,29/09/2026 02:47